
-- phpMyAdmin SQL Dump
-- version 3.5.2.2
-- http://www.phpmyadmin.net
--
-- Host: localhost
-- Generation Time: Jul 25, 2017 at 01:15 AM
-- Server version: 10.1.22-MariaDB
-- PHP Version: 5.2.17

SET SQL_MODE="NO_AUTO_VALUE_ON_ZERO";
SET time_zone = "+00:00";


/*!40101 SET @OLD_CHARACTER_SET_CLIENT=@@CHARACTER_SET_CLIENT */;
/*!40101 SET @OLD_CHARACTER_SET_RESULTS=@@CHARACTER_SET_RESULTS */;
/*!40101 SET @OLD_COLLATION_CONNECTION=@@COLLATION_CONNECTION */;
/*!40101 SET NAMES utf8 */;

--
-- Database: `u552549574_cisc`
--

-- --------------------------------------------------------

--
-- Table structure for table `admin`
--

CREATE TABLE IF NOT EXISTS `admin` (
  `id` int(11) NOT NULL AUTO_INCREMENT,
  `ten` varchar(255) COLLATE utf8_unicode_ci DEFAULT NULL,
  `username` varchar(255) COLLATE utf8_unicode_ci DEFAULT NULL,
  `pass` varchar(255) COLLATE utf8_unicode_ci DEFAULT NULL,
  `ngaytao` date DEFAULT NULL,
  PRIMARY KEY (`id`)
) ENGINE=MyISAM  DEFAULT CHARSET=utf8 COLLATE=utf8_unicode_ci AUTO_INCREMENT=20 ;

--
-- Dumping data for table `admin`
--

INSERT INTO `admin` (`id`, `ten`, `username`, `pass`, `ngaytao`) VALUES
(19, 'Hoàng Anh', 'admin', '21232f297a57a5a743894a0e4a801fc3', NULL);

-- --------------------------------------------------------

--
-- Table structure for table `league`
--

CREATE TABLE IF NOT EXISTS `league` (
  `id` int(11) NOT NULL AUTO_INCREMENT,
  `Ten` varchar(255) DEFAULT NULL,
  `Ten_KhongDau` varchar(255) DEFAULT NULL,
  PRIMARY KEY (`id`)
) ENGINE=MyISAM  DEFAULT CHARSET=utf8 AUTO_INCREMENT=6 ;

--
-- Dumping data for table `league`
--

INSERT INTO `league` (`id`, `Ten`, `Ten_KhongDau`) VALUES
(1, 'Premier League', 'Premier-League'),
(2, 'La Liga', 'La-Liga'),
(3, 'Bundesliga', 'Bundesliga'),
(4, 'League 1', 'League-1'),
(5, 'Serie A', 'Serie-A');

-- --------------------------------------------------------

--
-- Table structure for table `team`
--

CREATE TABLE IF NOT EXISTS `team` (
  `id` int(11) NOT NULL AUTO_INCREMENT,
  `Ten` varchar(255) NOT NULL,
  `idLeague` int(11) NOT NULL,
  `sotran` int(11) NOT NULL,
  `diem` int(11) NOT NULL,
  PRIMARY KEY (`id`)
) ENGINE=MyISAM  DEFAULT CHARSET=utf8 AUTO_INCREMENT=56 ;

--
-- Dumping data for table `team`
--

INSERT INTO `team` (`id`, `Ten`, `idLeague`, `sotran`, `diem`) VALUES
(1, 'Chelsea', 1, 38, 93),
(2, 'Tottenham', 1, 38, 86),
(3, 'Man City', 1, 38, 78),
(4, 'Liverpool', 1, 38, 76),
(5, 'Arsenal', 1, 38, 75),
(6, 'Man Utd', 1, 38, 69),
(7, 'Everton', 1, 38, 61),
(8, 'Southamton', 1, 38, 46),
(9, 'Bournemouth', 1, 38, 46),
(10, 'West Brom', 1, 38, 46),
(11, 'West Ham', 1, 38, 46),
(12, 'Leicester', 1, 38, 46),
(13, 'Stoke', 1, 38, 46),
(14, 'Crystal Palace', 1, 38, 46),
(15, 'Swansea', 1, 38, 46),
(16, 'Real Marid', 2, 38, 93),
(17, 'Barcelona', 2, 38, 90),
(18, 'Atletico Madrid', 2, 38, 78),
(19, 'Sevilla', 2, 38, 72),
(20, 'Villarreal', 2, 38, 67),
(21, 'Real Sociedad', 2, 38, 64),
(22, 'Ath. Bilbao', 2, 38, 63),
(23, 'Espanyol', 2, 38, 56),
(24, 'Alaves', 2, 38, 56),
(25, 'Eibar', 2, 38, 54),
(26, 'Bayern', 3, 34, 82),
(27, 'Leipzig', 3, 34, 67),
(28, 'Dortmund', 3, 34, 64),
(29, 'Hoffenheim', 3, 34, 62),
(30, 'Koln', 3, 34, 49),
(31, 'Hertha', 3, 34, 49),
(32, 'Freiburg', 3, 34, 49),
(33, 'Werder Bremen', 3, 34, 45),
(34, 'Gladback', 3, 34, 45),
(35, 'Schalke 04', 3, 34, 45),
(36, 'Monaco', 4, 38, 95),
(37, 'PSG', 4, 38, 87),
(38, 'Nice', 4, 38, 78),
(39, 'Lyon', 4, 38, 67),
(40, 'Marseille', 4, 38, 62),
(41, 'Bordeaux', 4, 38, 59),
(42, 'Nantes', 4, 38, 51),
(43, 'St-Etienne', 4, 38, 50),
(44, 'Rennes', 4, 38, 50),
(45, 'Guingamp', 4, 38, 50),
(46, 'Juventus', 5, 38, 91),
(47, 'Roma', 5, 38, 87),
(48, 'Napoli', 5, 38, 86),
(49, 'Atalanta', 5, 38, 72),
(50, 'Lazio', 5, 38, 70),
(51, 'Milan', 5, 38, 63),
(52, 'Inter', 5, 38, 62),
(53, 'Fiorentina', 5, 38, 60),
(54, 'Torino', 5, 38, 60),
(55, 'Sampdoria', 5, 38, 53);

-- --------------------------------------------------------

--
-- Table structure for table `tin`
--

CREATE TABLE IF NOT EXISTS `tin` (
  `id` int(11) NOT NULL AUTO_INCREMENT,
  `TieuDe` varchar(255) NOT NULL,
  `TieuDe_KhongDau` varchar(255) NOT NULL,
  `TomTat` varchar(255) NOT NULL,
  `Content` varchar(10000) NOT NULL,
  `UrlHinh` varchar(255) DEFAULT NULL,
  `SoLanXem` int(11) DEFAULT NULL,
  `Ngay` datetime DEFAULT NULL,
  `idLeague` int(11) NOT NULL,
  PRIMARY KEY (`id`)
) ENGINE=MyISAM  DEFAULT CHARSET=utf8 AUTO_INCREMENT=26 ;

--
-- Dumping data for table `tin`
--

INSERT INTO `tin` (`id`, `TieuDe`, `TieuDe_KhongDau`, `TomTat`, `Content`, `UrlHinh`, `SoLanXem`, `Ngay`, `idLeague`) VALUES
(1, 'MU nhiều khả năng đón Morata vào tuần tới\r\n', 'MU-nhieu-kha-nang-don-Morata-vao-tuan-toi', 'Theo báo chí Tây Ban Nha, M.U gần như đã hoàn tất việc chiêu mộ chân sút Alvaro Morata và sẽ giới thiệu tân binh này vào ngày thứ Ba hoặc thứ Tư tuần sau.', '<p>Tờ Cope (Tây Ban Nha) cho hay, M.U hi vọng sẽ hoàn tất vụ chiêu mộ tiền đạo Alvaro Morata của Real Madrid vào ngày thứ Ba hoặc thứ Tư tới.</p>\n<p><img class="img-fluid" src="http://cauthu.com.vn/wp-content/uploads/2017/06/morata.jpg" alt="" /><br />\nBản thân Morata lúc này đang khát khao được rời khỏi sân Bernabeu sau khi không được tin dùng ở đội một do sự có mặt của Cristiano Ronaldo và Karim Benzema.</p><div align="center">\n</div>\n<p>Hiện Phó chủ tịch Ed Woodward đang làm việc với chủ tịch Florentino Perez của CLB Hoàng gia để nhanh chóng đưa Morata về Old Trafford. Mới đây, Ramon Calderon &#8211; cựu chủ tịch Real Madrid tiết lộ vụ Real bán Morata cho M.U đã được hoàn tất.</p>\n<p>Calderon cho biết thêm, vụ M.U mua Morata có thể đổ vỡ trong trường hợp Quỷ đỏ chiêu mộ Cris Ronaldo, ngôi sao bất ngờ muốn rời Real Madrid vì scandal trốn thuế.</p>\n<p>Tuy nhiên, khả năng này xảy ra là rất thấp bởi Jose Mourinho muốn chiêu mộ một tiền đạo trẻ cho kế hoạch dài lâu dài tại Old Trafford. Cách đây ít ngày, M.U đã chào đón tân binh đầu tiên, hậu vệ Victor Lindelof đến từ Benfica với giá 30,5 triệu bảng.</p>', 'http://img.v97.bdpcdn.net/Assets/Media/2017/06/17/8/morata_mu.jpg', 327, '2017-06-17 21:53:36', 1),
(2, 'Thất vọng, Conte có thể rời Chelsea\r\n', 'Conte-roi-Chelsea', 'Không phải là một trò đùa, Chelsea đang đứng trước nguy cơ mất Antonio Conte. HLV người Italia đang rất thất vọng với cách thức hoạt động của CLB và sẵn sàng ra đi nếu các yêu sách của ông không được chấp thuận sớm.', '<p>Ngay khi mùa giải 2016/17 kết thúc với chức vô địch Premier League, Chelsea đã lên kế hoạch gia hạn hợp đồng với Antonio Conte, biến ông thành HLV có thu nhập cao nhất xứ sương mù với 9,5 triệu bảng tiền lương mỗi năm. Đồng thời, hứa hẹn cung cấp ngân sách lớn để thỏa mãn các mục tiêu chuyển nhượng mà Conte đề ra.</p>\r\n<p><img class="img-fluid" src="http://cauthu.com.vn/wp-content/uploads/2017/06/conte-1.jpg"/><br />\r\nThế nhưng cho đến nay, hợp đồng mới vẫn chưa được ký kết và vị HLV 47 tuổi này cũng chưa đón bất cứ tân binh nào. Ông đã lên một danh sách bao gồm tiền đạo Romelu Lukaku (Everton), tiền vệ Tiemoue Bakayoko (Monaco), trung vệ Virgil Van Dijk (Southampton) và hậu vệ cánh Alex Sandro (Juventus), nhưng tất cả 4 thương vụ đều không có tiến triển nào đáng kể. Chỉ còn chưa đầy 3 tuần nữa Chelsea sẽ hội quân, trong khi mọi kế hoạch chuẩn bị cho mùa giải mới vẫn chỉ tồn tại trên giấy tờ. Theo quan điểm của Conte, bộ phận chuyển nhượng của The Blues đang khiến mọi thứ trở nên tắc nghẽn.</p><div align="center">\r\n\r\n</div>\r\n<p>Thông tin từ tờ Daily Record cho hay, Conte đã yêu cầu được làm việc trực tiếp với ông chủ Roman Abramovich và giám đốc Marina Granovskaia thay vì qua kênh trung gian. Tuy nhiên, điều này lại đi ngược với chính sách của Chelsea. Nhiều năm qua, các HLV từ Ancelotti, Villas-Boas đến Mourinho đều không có tiếng nói cuối cùng trong tuyển dụng. Conte không chắc là trường hợp ngoại lệ, dù vừa giúp đội bóng lần thứ 6 vô địch nước Anh.</p>\r\n<p>Cũng không dừng lại ở đó, Conte còn muốn đích thân lựa chọn trợ lý, thay thế cho Steve Holland đã ra đi. Đồng thời, kiểm soát hoàn toàn lò đào tạo trẻ ở Cobham, bao gồm quyền bổ nhiệm giám đốc Học viện mới. Đòi hỏi này của Conte nhằm đồng bộ hóa giữa tuyến trẻ và đội hình chính, phục vụ kế hoạch dài hạn.</p>\r\n<p><img class="img-fluid" src="http://cauthu.com.vn/wp-content/uploads/2017/06/conte1.jpg" /><br />\r\nRất ít khả năng BLĐ Chelsea sẽ đáp ứng tất cả yêu sách của Conte, bởi nó sẽ khiến cơ cấu làm việc bấy lâu đảo lộn. Cũng giống như việc họ bác bỏ yêu cầu giữ Diego Costa bằng mọi giá mà chiến lược gia người Italia nêu ra trong tuần cuối cùng của mùa giải. Họ hứa hẹn sẽ thay thế anh ta bằng Lukaku, nhưng rồi lại thoái lui trước mức giá 80 triệu bảng của Everton.</p>\r\n<p>Và như vậy, Conte sẵn sàng rời khỏi Stamford Bridge. Vào tháng trước, Conte nói rằng: “Chelsea phải nhận ra giá trị thực sự” của ông. Khi The Blues nói không với các đòi hỏi, có nghĩa là trong mắt họ, ông không khác những người mà Abramovich từng sa thải.</p>\r\n<p>Conte được biết đến là một HLV giàu cá tính và không ngại đưa ra quyết định đường đột. Vào tháng 7/2014, ngay trước thềm mùa giải mới, Conte đã bất ngờ đệ đơn từ chức lên BLĐ Juventus. Lý do cũng bắt nguồn từ tranh cãi trong chuyển nhượng. Ông muốn Juan Cuadrado, họ mang về Kingsley Coman.</p>\r\n<p>Ông muốn giữ Arturo Vidal và Paul Pogba, họ cho biết tương lai của cả hai không có gì chắc chắn. Cộng thêm sự bực bội về tour du đấu không vì mục đích chuyên môn ở châu Á, Conte lập tức rời Turin, bất chấp tình cảm dành cho đội bóng mà ông đã chơi gần trọn sự nghiệp cầu thủ.  Conte từng nói: “Trong bóng đá hiện đại, rất khó để gắn bó lâu dài với một CLB”. Một khi đã không thoải mái, việc ra đi là khó tránh khỏi.</p>', 'http://img.v97.bdpcdn.net/Assets/Media/2017/06/17/51/conte.jpg', 456, '2017-06-17 21:58:33', 1),
(3, 'Từ giải hạng 5 đến thủ môn người Anh đắt giá nhất lịch sử\r\n', 'Tu-giai-hang-5-den-thu-mon-nguoi-Anh-dat-nhat-lich-su', 'Everton đã chiêu mộ thành công Jordan Pickford, người sẽ trở thành thủ môn người Anh đắt nhất lịch sử với phí chuyển nhượng 30 triệu bảng. Đó là câu chuyện khó tin về thủ thành vài năm trước còn chơi ở giải hạng Năm của Anh.', '<p>Jordan Pickford thừa nhận anh là mẫu người căm thù thất bại hơn bất kỳ điều gì khác trên đời. Trong các buổi tập luyện cùng U21 Anh để chuẩn bị cho giải U21 châu Âu 2017 tại Ba Lan, mỗi khi để thủng lưới, Pickford lại hành hạ những hình nhân cao su, đấm nó bật ngửa ra mặt cỏ. “Tôi ghét trở thành kẻ thua cuộc”, anh nói với những đồng đội đang trêu chọc mình.</p>\r\n<p><img class="img-fluid" src="http://cauthu.com.vn/wp-content/uploads/2017/06/jordanpickford.jpg"/><br />\r\nVới tâm lý này thì cho đến bây giờ, Pickford vẫn chưa thể tiêu hóa nổi việc Sunderland xuống hạng. “Chúng tôi đã lao động cật lực và làm những gì có thể, nhưng thật không may lại không bao giờ thu được kết quả như ý”, thủ môn 23 tuổi chua chát tâm sự. Tuy nhiên, anh cũng nhấn mạnh, những thất bại không bao giờ khiến anh sụp đổ. Anh có một tinh thần mạnh mẽ để biến nó thành động lực vượt lên.</p>\r\n<p>Thực tế mà nói, Pickford không xa lạ gì với việc xuống hạng. Nó xảy ra ngay trong năm đầu tiên anh bước vào sự nghiệp thi đấu chuyên nghiệp. Đó là vào năm 2012, Pickford đến Darlington, một đội bóng chơi ở hạng Năm trong hệ thống các giải đấu nước Anh.</p><!-- adman_adcode (middle, 1) --><div align="center">\r\n\r\n</div><!-- /adman_adcode (middle) -->\r\n<p>Quãng thời gian này thực sự là một thử thách với thủ môn mới 17 tuổi. Darlington đang đứng trước nguy cơ giải thể. CLB này chỉ hoạt động nhờ quỹ hỗ trợ ít ỏi từ một nhóm CĐV trung thành và không thể trả lương cầu thủ. 17 trận chơi cho Darlington trước khi đội này rớt hạng, Pickford không một lần hưởng niềm vui chiến thắng. Adam Rundle, một đồng đội cũ của Pickford, cho biết: “Mỗi trận phải đối mặt với 25 đến 30 cú sút, đây hẳn là trải nghiệm nhớ đời của Jordan. Nhưng cậu ấy đã vượt qua rất xuất sắc”.</p>\r\n<p><img class="img-fluid" src="http://cauthu.com.vn/wp-content/uploads/2017/06/jordanpickford2.jpg"/><br />\r\nKhông chỉ Rundle, hầu hết những người biết Pickford trong những năm tháng ấy đều nhận định, trước mặt thủ môn này là một tương lai tươi sáng. Simon Grayson, HLV của Preston &#8211; đội bóng cuối cùng mà Pickford chơi theo dạng cho mượn, nói: “Tôi đã theo dõi Jordan khi cậu ta ở hạng Năm (tại Darlington, Alfreton Town), hạng Tư (Burton, Carlisle) rồi hạng Ba (Bradford). Ngoài việc chặn cú sút, khả năng phân phối bóng là điều đặc biệt nhất của cậu ấy và không thủ môn nào sánh kịp”.</p>\r\n<p>Giờ thì Pickford sắp trở thành thủ môn người Anh đắt nhất lịch sử (30 triệu bảng), sau khi hoàn thành cuộc kiểm tra y tế hôm qua ngay tại Ba Lan. Với sự đảm bảo của Steve Walsh, Giám đốc bóng đá Everton, người từng là tuyển trạch viên cừ khôi của Everton thì Pickford rõ ràng là một thương vụ đáng tin cậy với Everton.</p>\r\n<p><img class="aligncenter wp-image-131850" src="http://cauthu.com.vn/wp-content/uploads/2017/06/jordanpickford1.jpg" /><br />\r\nMùa vừa rồi, thủ môn 23 tuổi hoàn toàn gây sửng sốt với dáng vẻ đĩnh đạc cùng liên tiếp các pha cứu thua xuất sắc trong khung thành Sunderland. Với 3,79 pha cứu thua mỗi trận, không thủ môn nào tại Premier League làm được tốt hơn anh. Pickford lọt vào danh sách rút gọn giải thưởng Cầu thủ trẻ xuất sắc nhất mùa của PFA. Nên nhớ đây mới là mùa đầu tiên Pickford bắt chính ở giải đấu hàng đầu nước Anh.</p>\r\n<p>Thành công của Pickford một phần đến từ những trải nghiệm phong phú, với 156 lần ra sân cùng 7 đội bóng và chơi ở 5 hạng đấu khác nhau. Sau khi đã kinh qua mọi thử thách khắc nghiệt nhất, liệu điều gì có thể làm khó anh? Như tiền vệ Rundle nói một cách hình ảnh, Pickford bây giờ là cánh buồm no gió, sẵn sàng lao vút đi giữa đại dương.</p>', 'http://img.v97.bdpcdn.net/Assets/Media/2017/06/16/26/jordanpickford.jpg', 153, '2017-06-17 22:14:53', 1),
(4, 'Đội hình trong mơ của Arsenal mùa giải tới: Rất nhiều ngôi sao ', 'Doi-hinh-trong-mo-Arsenal-mua-giai-toi', 'Song song với việc giữ chân các trụ cột, HLV Arsene Wenger cũng khao khát sở hữu những tân binh chất lượng để đưa Arsenal trở lại với vị thế của một ứng viên vô địch NH Anh.', '<p><img class="img-fluid" src="http://cauthu.com.vn/wp-content/uploads/2017/06/1_2.jpg"  /></p>\r\n<p><strong>Thủ môn Petr Cech: </strong>Lão tướng người CH Czech vẫn đủ khả năng thi đấu đỉnh cao thêm 2 hoặc 3 mùa giải nữa. Nếu Cech dính chấn thương, Arsenal vẫn còn sở hữu một thủ môn tài năng không kém là David Ospina.</p>\r\n<p><img class="img-fluid" src="http://cauthu.com.vn/wp-content/uploads/2017/06/2_3.jpg" alt="" /></p>\r\n<p><strong>Hậu vệ phải Hector Bellerin: </strong>Arsenal đang tìm mọi cách để ngăn cản Barcelona tiếp cận hậu vệ trẻ người Tây Ban Nha. Đội chủ sân Emirates vẫn là những người &#8220;nắm đằng chuôi&#8221; khi vừa thuyết phục Bellerin ký vào bản hợp đồng mới có thời hạn đến năm 2023.</p>\r\n<p><img class="img-fluid" src="http://cauthu.com.vn/wp-content/uploads/2017/06/3_2.jpg" alt=""/></p>\r\n<p><strong>Trung vệ Laurent Koscielny:</strong> Luôn nằm trong top những trung vệ hàng đầu Premier League, Koscielny nhiều khả năng sẽ được HLV Wenger trao tấm băng đội trưởng ở mùa giải tới.</p>\r\n<p><img class="img-fluid" src="http://cauthu.com.vn/wp-content/uploads/2017/06/4_2.jpg" alt=""/></p>\r\n<p><strong>Trung vệ Virgil Van Dijk:</strong> Trong hoàn cảnh Gabriel Paulista và Per Mertesacker đều không đáp ứng được những yêu cầu về chuyên môn và thể chất, Arsenal buộc phải chiêu mộ thêm một trung vệ đẳng cấp để gia cố hàng phòng ngự. Truyền thông Anh đưa tin, &#8220;Pháo thủ&#8221; sẵn sàng chi 50 triệu bảng để đổi lấy sự phục vụ từ đội trưởng của Southampton.</p>\r\n<p><img class="img-fluid" src="http://cauthu.com.vn/wp-content/uploads/2017/06/5_3.jpg" alt="" /></p>\r\n<p><strong>Hậu vệ trái Sead Kolasinac:</strong> Đội bóng chủ sân Emirates đã gặp may khi khống tốn một xu để có được chữ ký của cầu thủ đa năng người Bosnia. Ngoài vị trí sở trường là hậu vệ trái, cựu sao Schalke còn có thể chơi tốt trong vai trò của một tiền vệ cánh, thậm chí là trung vệ nếu cần.</p><!-- adman_adcode (middle, 1) --><div align="center">\r\n\r\n</div><!-- /adman_adcode (middle) -->\r\n<p><img class="img-fluid" src="http://cauthu.com.vn/wp-content/uploads/2017/06/7_2.jpg"  /></p>\r\n<p><strong>Tiền vệ Granit Xhaka: </strong>Cầu thủ người Thụy Sỹ đã có một mùa giải để tích lũy kinh nghiệm và sẵn sàng trở thành trụ cột tuyến giữa của Arsenal trong những năm tới.</p>\r\n<p><img class="img-fluid" src="http://cauthu.com.vn/wp-content/uploads/2017/06/8_2.jpg" alt=""  /></p>\r\n<p><strong>Tiền vệ Aaron Ramsey:</strong> Luôn hoàn thành tốt nhiệm vụ mỗi khi ra sân, thật khó để tìm được cái tên nào đủ khả năng thay thế ngôi sao người xứ Wales trong sơ đồ của HLV Wenger.</p>\r\n<p><img class="img-fluid" src="http://cauthu.com.vn/wp-content/uploads/2017/06/tu.jpg" alt="" /></p>\r\n<p><strong>Tiền vệ Arda Turan:</strong> Đây là thời điểm thích hợp để Arsenal mạnh tay trong việc đưa Turan đến Emirates. Ngôi sao người Thổ Nhĩ Kỳ vừa giã từ sự nghiệp quốc tế và có thể tập trung 100% sức lực cho CLB chủ quản mùa tới.</p>\r\n<p><img class="img-fluid" src="http://cauthu.com.vn/wp-content/uploads/2017/06/6_3.jpg" alt=""/></p>\r\n<p><strong>Chạy cánh Mesut Oezil:</strong> Với màn trình diễn ấn tượng tại Premier League mùa tới, nhạc trưởng người Đức chuẩn bị được trọng thưởng bằng một bản hợp đồng mới cùng mức lương tăng gấp đôi (140.000 bảng lên 280.000 bảng).</p>\r\n<p><img class="img-fluid" src="http://cauthu.com.vn/wp-content/uploads/2017/06/10_2.jpg" /></p>\r\n<p><strong>Tiền đạo Alexandre Lacazette: </strong>Những đường chọc khe, tạt bóng của Oezil sẽ không bị phí phạm như mùa giải vừa qua nếu người chơi cao nhất trên hàng công Arsenal là Lacazette. Cầu thủ người Pháp vừa &#8220;vỡ mộng&#8221; đầu quân cho Atletico Madrid và vẫn đang lắng nghe một lời đề nghị hợp lý trong phiên chợ hè năm nay.</p>\r\n<p><img class="img-fluid" src="http://cauthu.com.vn/wp-content/uploads/2017/06/11_2.jpg" /></p>\r\n<p><strong>Chạy cánh Alexis Sanchez: </strong>Tương tự như Mesut Oezil, BLĐ Arsenal cũng đang gấp rút chuẩn bị một bản hợp đồng mới cùng mức lương kỷ lục để giữ chân ngôi sao người Chile.</p>\r\n<p><img class="img-fluid" src="http://cauthu.com.vn/wp-content/uploads/2017/06/ss.jpg" alt="" /></p>\r\n<p>Đội hình trong mơ của Arsenal mùa giải tới với sự góp mặt của hàng loạt tân binh chất lượng.</p>\r\n<p>&nbsp;</p>', 'http://znews-photo-td.zadn.vn/w1024/Uploaded/natmzz/2017_06_15/1_2.jpg', 610, '2017-06-17 22:14:53', 1),
(5, 'Hai tháng nữa mới khởi tranh, Premier League đã có HLV mất việc', 'Hai-thang-nua-moi-khoi-tranh-da-co-hlv-premier-league-mat-viec', '<p><strong>Phải hai tháng nữa mùa giải mới tại Premier League sẽ được khởi tranh nhưng ngay từ cuối ngày hôm qua  ( 15-6 ), đã có HLV của CLB tại  Premier League phải đón nhận tin buồn.</strong></p>', '<p>Thông tin này đã được xác nhận trên trang chủ Southampton: “CLB đã chính thức chia tay HLV Claude Puel. Công việc tìm kiếm huấn luyện viên mới vẫn đang tiếp tục”, trích thông báo trên trang chủ Southampton.</p>\r\n<p><img class="img-fluid" src="http://img.kenhthethao.vn/2017/06/f13.jpg" alt="f1"/></p>\r\n<p>Điều này là một bất ngờ lớn bởi lịch thi đấu Premier League mùa giải mới vừa được công bố, và hiện tại tất cả 20 CLB đều tích cực chuẩn bị cho mùa bóng kéo dài 9 tháng phía trước.</p>\r\n<p><img class="img-fluid" src="http://img.kenhthethao.vn/2017/06/f21.jpg" alt="f2"  /></p><!-- adman_adcode (middle, 1) --><div align="center">\r\n\r\n</div><!-- /adman_adcode (middle) -->\r\n<p>Bên cạnh đó, thành tích của Southampton ở Premier League mùa 2016/17 không đến nỗi tệ: họ xếp thứ 8 trên BXH, đồng thời vào chung kết League Cup lần đầu tiên sau 14 năm, thua Man United. Thậm chí, ở mùa giải vừa qua Southampton còn thắng cả Liverpool và Arsenal tại mặt trận Premier League.</p>\r\n<p><center></center><img class="img-fluid" src="http://img.kenhthethao.vn/2017/06/f7.jpg" alt="f7" /></p>\r\n<p>Song Ban lãnh đạo ‘The Saints’ tỏ ra không hài lòng về sự nghèo nàn trong lối chơi dưới triều đại HLV Claude Puel. Khá nhiều trận đấu, các cổ động viên Southampton đã la ó màn trình diễn của đội bóng. Điển hình là 8 trận đấu cuối cùng mùa giải vừa qua, Southampton chỉ thắng duy nhất 1 trận và ghi được vỏn vẹn 1 bàn thắng.</p>\r\n<p><img class="img-fluid" src="http://img.kenhthethao.vn/2017/06/f51.jpg" alt="f5" /></p>\r\n<p style="text-align: center;"><em>Puel đã có những màn trình diễn không tồi trước các đối thủ như Pep hay Mourinho ở mùa giải vừa qua</em></p>\r\n<p>Như vậy chỉ trong vòng 3 năm, Southampton đã thay 3 vị HLV, trước đó là Mauricio Pochettino (đến Tottenham) và Ronald Koeman (đến Everton).</p>\r\n<p>Theo nhiều nguồn tin, Southampton đang liên hệ với HLV Thomas Tuchel, người cũng vừa chia tay Thomas Tuchel. Thế nhưng trước đó, nhà cầm quân người Đức tuyên bố ông muốn nghỉ ngơi một thời gian.</p>\r\n<p style="text-align: right;">Theo<em><strong> Bongda.com.vn</strong></em></p>', 'http://img.kenhthethao.vn/2017/06/f13.jpg', 54, '2017-06-17 22:24:17', 1),
(6, 'Verratti gặp Messi bàn về việc gia nhập Barca\r\n\r\n', 'Verratti-gap-Messi-ban-ve-viec-gi-nhap-Barca', '<p><strong>Marco Verratti có vẻ rất quyết tâm gia nhập Barca. Mới đây, anh đã nhờ đồng đội ở PSG là Javier Pastore bố trí một buổi ăn tối với tiền đạo Lionel Messi của đội bóng xứ Catalan ở một nhà hàng tại Ibiza.</strong></p>', '<p>Chuyện tương lai của tiền vệ tài năng Marco Verratti lại một lần nữa trở thành chủ đề nóng trên các phương tiện thông tin đại chúng ngày hôm qua. Nguyên nhân bắt nguồn từ những tấm ảnh mà các tay săn ảnh chụp được khi ngôi sao của PSG cùng người đại diện Donato Di Campli xuất hiện trong một nhà hàng sang trọng ở Ibiza (Tây Ban Nha). Điều đặc biệt là hôm đó, ngồi cùng bàn ăn tối với Verratti còn có Lionel Messi.</p>\r\n<p><img class="img-fluid" src="http://cauthu.com.vn/wp-content/uploads/2017/06/messi1.jpg"  /><br />\r\nMessi cùng gia đình đang đi nghỉ Hè ở Ibiza và chuyện anh gặp Verratti lẽ ra chẳng có gì đáng để ồn ào nếu không có việc tuyển thủ Italia đang nằng nặc đòi rời PSG trong mùa Hè này. Cách đây không lâu, nhật báo L’Equipe thông tin, tuyển thủ Italia đã gặp giám đốc thể thao Antero Henrique của đội bóng thủ đô nước Pháp để bày tỏ nguyện vọng muốn được rời sân Parc des Princes.</p><!-- adman_adcode (middle, 1) --><div align="center">\r\n\r\n</div><!-- /adman_adcode (middle) -->\r\n<p>Ngay sau đó, người đại diện Di Campli của Verratti đã công khai cho biết: “Marco muốn có được những danh hiệu cao quý nhất. Nhưng PSG không thể giúp cậu ấy đạt được ước mơ đó. Sau nhiều năm cống hiến ở Parc des Princes, giờ là lúc Marco cần phải nghiêm túc nghĩ đến việc chuyển đến đầu quân cho một đội bóng mà ở đó cậu ấy có thể vừa kiếm được nhiều tiền vừa có khả năng giành được những thứ đang khao khát”.</p>\r\n<p>Theo một số nguồn tin, cuộc gặp với Messi của Verratti là có sắp xếp. Người đã đứng ra bố trí buổi “giao lưu” này là tiền vệ Javier Pastore của PSG. Đích thân tuyển thủ Italia đã chủ động nhờ Pastore làm chuyện ấy do biết đồng đội của mình chơi khá thân với siêu sao của Barca. Ai cũng biết, trong đội hình của đội bóng hàng đầu Tây Ban Nha, Messi có tiếng nói rất lớn. Do vậy, qua được “cửa ải” Messi cũng đồng nghĩa với việc cơ hội gia nhập Barca của Verratti lớn hơn rất nhiều.</p>\r\n<p><img class="img-fluid" src="http://cauthu.com.vn/wp-content/uploads/2017/06/verratti1.jpg" /><br />\r\nSau cuộc gặp tối hôm đó ở Ibiza, người đại diện Di Campli tiếp tục đăng một bức ảnh ông cụng ly như để ăn mừng với Verratti cùng dòng chữ đầy ngụ ý trên Twitter: “Đã xong một chuyện!”. Điều đó càng làm dấy lên những hoài nghi về quyết tâm gia nhập Barca của tiền vệ người Italia.</p>\r\n<p>Cần phải nhấn mạnh rằng, PSG đang quyết tâm giữ chân Verratti bằng mọi giá, trong nỗ lực biến đội bóng thủ đô nước Pháp thành quyền lực thực sự ở châu Âu. Trước đó không lâu, Juventus cũng đã đặt vấn đề mua tiền vệ 24 tuổi trong mùa Hè năm nay.</p>\r\n<p>Đội bóng hàng đầu Italia đã đề nghị mức giá chuyển nhượng 80 triệu euro. Tuy nhiên, phía Juventus đã nhanh chóng phải bỏ cuộc trước thái độ bất hợp tác từ PSG.</p>', 'http://cauthu.com.vn/wp-content/uploads/2017/06/messi1.jpg', 122, '2017-06-18 07:24:40', 2),
(7, 'Những bến đỗ tiềm năng cho Ronaldo nếu rời Real\r\n', 'Nhung-ben-do-tiem-nang-cho-Ronaldo-khi-roi-Real', '<p><strong>Thông tin Ronaldo tuyên bố muốn chia tay Real đã tràn ngập trên khắp các mặt báo. Vậy nếu siêu sao người Bồ Đào Nha thực sự ra đi, đâu sẽ là điểm đến tiếp theo của anh?</strong></p>', '<p><strong>1. Manchester United.</strong></p>\r\n<p><img class="img-fluid" src="http://cauthu.com.vn/wp-content/uploads/2017/06/ronaldo1.jpg" alt=""/><br />\r\nM.U là CLB đã làm nên tên tuổi của Ronaldo, và việc trở lại mái nhà Old Trafford chẳng khác nào một câu chuyện cổ tích. Tại đây, đương kim Cầu thủ xuất sắc nhất thế giới không chỉ gặp lại các fan thân yêu, mà còn được làm việc với HLV Jose Mourinho &#8211; người thầy cũ khi còn cầm quyền ở Real. M.U đã giành vé dự Champions League 2017/18 và còn gì tuyệt vời hơn nếu Ronaldo giúp họ bước lên đỉnh châu Âu trong lần tái ngộ.</p>\r\n<p>Tỉ lệ nhà cái: 13/8 (đặt 8 ăn 13)</p>\r\n<p><strong>2. Paris Saint-Germain</strong></p>\r\n<p><img class="img-fluid" src="http://cauthu.com.vn/wp-content/uploads/2017/06/ronaldo-1-1.jpg" alt=""/><br />\r\nMột trong những đội bóng hiếm hoi có thể vung tiền sở hữu cũng như đáp ứng được mức lao lên trời từ Ronaldo. Đổi lại, với đẳng cấp và danh tiếng đã được khẳng định, CR7 có thể đưa PSG lên một tầm cao mới &#8211; thứ mà họ đã tìm kiếm từ rất lâu nay.</p>\r\n<p>Tỉ lệ nhà cái: 2/1</p>\r\n<p><strong>3. Sporting Lisbon</strong></p>\r\n<p><img class="img-fluid" src="http://cauthu.com.vn/wp-content/uploads/2017/06/ronaldo2.jpg" alt=""/><br />\r\nRonaldo rời Sporting năm 18 tuổi và dần dần vụt sáng trở thành ngôi sao hàng đầu thế giới. Bản thân đội bóng Bồ Đào Nha cũng đánh tiếng kêu gọi &#8220;đứa con cưng&#8221; Ronaldo trở về quê hương ngay khi hay tin anh muốn chia tay Real. Tuy nhiên, thành thực mà nói viễn cảnh này khá khó xảy ra, bởi Ronaldo hiện vẫn đang ở đỉnh cao sự nghiệp. Chưa có dấu hiệu gì cho thấy sự sa sút của anh dù sắp bước sang tuổi 33.</p><!-- adman_adcode (middle, 1) --><div align="center">\r\n\r\n</div><!-- /adman_adcode (middle) -->\r\n<p>Tỉ lệ nhà cái: 7/1</p>\r\n<p><strong>4. Bayern Munich</strong></p>\r\n<p><img class="img-fluid" src="http://cauthu.com.vn/wp-content/uploads/2017/06/ronaldo-ap-7592.jpg" alt=""/></p>\r\n<p>Cách đây không lâu, BLĐ Bayern có tuyên bố rằng đội bóng sẽ kích hoạt một vài bản hợp đồng bom tấn ở phiên chợ Hè này, và biết đâu đấy Ronaldo sẽ là một trong số đó. Dù vậy, môi trường bóng đá xa lạ có thể trở thành rào cản với CR7 &#8211; người chỉ còn quãng thời gian ngắn ngủi trong sự nghiệp quần đùi áo số.</p>\r\n<p>Tỉ lệ nhà cái: 9/1</p>\r\n<p><strong>5. Man City</strong></p>\r\n<p><img class="img-fluid" src="http://cauthu.com.vn/wp-content/uploads/2017/06/ronaldo3.jpg" alt=""/><br />\r\nCổ động viên M.U chắc chắn sẽ không bao giờ tha thứ cho Ronaldo nếu anh đầu quân cho đại kình địch Man City. Tuy nhiên, mọi chuyện đều có thể xảy ra trong bóng đá, nhất là khi siêu sao người Bồ Đào Nha bị cám dỗ bởi mức đãi ngộ khủng cùng cơ hội sát cánh bên Pep Guardiola &#8211; một chiến lược gia đại tài của làng túc cầu đương đại.</p>\r\n<p>Tỉ lệ nhà cái: 9/1</p>\r\n<p><strong>6. AC Milan</strong></p>\r\n<p>Nghe chừng có vẻ nực cười nhưng Milan đã không còn là Milan của ngày hôm qua. Dưới sự nắm quyền từ giới chủ Trung Quốc, Rossoneri đang vung tiền mạnh mẽ ở phiên chợ Hè 2017. Tính tới nay, họ đã mang về 4 tân binh với tổng trị giá hơn 70 triệu euro. Khó khăn lớn nhất với Milan có lẽ là việc Ronaldo không có hứng thú thi đấu tại Serie A.</p>\r\n<p>Tỉ lệ nhà cái: 33/1</p>\r\n<p><strong>7. Arsenal</strong></p>\r\n<p><img class="img-fluid" src="http://cauthu.com.vn/wp-content/uploads/2017/06/ronaldo4.jpg" alt=""/><br />\r\nArsenal có thể hỏi mua Kylian Mbappe (Monaco) với giá kỷ lục, thì việc họ hùn tiền chiêu mộ một siêu sao đẳng cấp như Ronaldo cũng hoàn toàn khả thi. Arsene Wenger thường khá thận trọng khi ký hợp đồng với những cầu thủ ngoài 30 tuổi, song chắc hẳn với Ronaldo, ông sẽ có cái nhìn khác.</p>\r\n<p>Tỉ lệ nhà cái: 33/1</p>', 'http://cauthu.com.vn/wp-content/uploads/bfi_thumb/ronaldo-1-1-na56vr0sx038o45verxt10j9n9h5dibggqazddid8g.jpg', 523, '2017-06-18 07:30:51', 2),
(8, 'Real đang dần biến thành “nhà phân phối cầu thủ”', '', '><p><strong>Real Madrid từng được ví như “ông hoàng mua sắm” trong thế giới bóng đá. Song thật kỳ lạ, Kền kền trắng đang dần hóa thân thành một CLB kiếm lời từ bán cầu thủ.</strong></p>', '<p>Đến lúc này, vẫn chưa có gì đảm bảo Real sẽ mua được siêu tân binh nào trong kỳ chuyển nhượng Hè 2017. Tuy nhiên, khả năng họ chia tay từ 5 tới 6 ngôi sao gần như là chắc chắn. Đó là Pepe, Fabio Coentrao, James Rodriguez, Alvaro Morata, Diego Llorente và Mariano.</p>\r\n<p>Hai cái tên đầu tiên xem như đã rời khỏi thành Bernabeu. Pepe sẽ hết hợp đồng với Real vào cuối tháng này, hiện đã đi tìm CLB mới. Trong khi đó, Coentrao cũng vừa đạt thỏa thuận sang Sporting Lisbon theo dạng cho mượn. Một cái tên nữa cũng được Real thanh lý gần như xong xuôi là trung vệ trẻ Diego Llorente, sang Sociedad với giá 8 triệu euro. Real cũng thống nhất bán chân sút trẻ Mariano với giá chỉ 5 triệu euro, song kèm theo điều khoản mua lại.</p>\r\n<p><img class="img-fluid" src="http://cauthu.com.vn/wp-content/uploads/2017/06/real-1.jpg"/><br />\r\nTrong 2 trường hợp còn lại, James Rodriguez xem như đã đặt một chân ra khỏi Bernabeu. Real đã chấp thuận để anh ra đi nếu CLB nào chồng đủ 70 triệu euro. Đó là mức phí chuyển nhượng khá lớn với một ngôi sao đang thất thế, song cũng không ít CLB sẵn sàng đáp ứng, như Man United hay Milan.</p><!-- adman_adcode (middle, 1) --><div align="center">\r\n</div><!-- /adman_adcode (middle) -->\r\n<p>Chỉ tương lai Morata vẫn chưa quá rõ ràng, song khả năng ra đi của anh vẫn lớn hơn ở lại. Giống như James, Real đã đồng ý để anh ra đi với giá không dưới 75 triệu euro. Đó không phải mức phí cao với tiềm năng quá lớn của Morata, với những CLB khổng lồ rất thèm ngôi như Man United, Chelsea hay Juventus.</p>\r\n<p>Nếu đẩy đi được 6 ngôi sao trên, Real sẽ thu về khoảng 160 triệu euro. Đây là một kỷ lục mới về số tiền bán cầu thủ của Kền kền trắng trong một mùa. Ngay ở mùa 2013/14 khi bán cả 2 ngôi sao lớn Higuain và Oezil, họ cũng chỉ thu về tổng cộng 113 triệu euro. Còn ở mùa 2014/15, với nguồn lợi kỷ lục từ tiền bán Di Maria giá 75 triệu euro, Kền kền trắng chỉ kiếm được tổng cộng 112,5 triệu euro năm đó.</p>\r\n<p><img class="img-fluid" src="http://cauthu.com.vn/wp-content/uploads/2017/06/morata.jpg" /><br />\r\nNhững con số nói trên là cơ sở để nhận ra rằng, Real đang chuyển mình từ “ông hoàng mua sắm” sang “ông vua bán cầu thủ”. Thực tế, kể từ sau mùa 2009/10 và 2010/11, khi Real chiêu mộ hàng loạt siêu sao như Ronaldo, Alonso, Di Maria hay Benzema, cán cân chuyển nhượng của họ không thâm hụt đáng kể, thậm chí Kền kền trắng còn từng có lãi.</p>\r\n<p>Hiện tượng kỳ lạ nói trên tất nhiên không phải vì Kền kền trắng thay đổi chính sách Galacticos. Real vẫn khao khát những ngôi sao sáng giá và  xuất sắc nhất thế giới. Tuy nhiên, vấn đề ở chỗ lực lượng của họ luôn rất ổn định những năm qua, thậm chí rơi vào tình trạng thừa ngôi sao, giống như ở mùa giải vừa rồi. Rất ít cầu thủ trên thế giới mà mua được có thể giúp đội hình Real mạnh hơn.</p>\r\n<p>Có nghĩa rằng, Real không còn mua sắm ồ ạt, thậm chí thu lợi từ việc thanh lọc đội ngũ, là những tín hiệu cho thấy họ đang thành công trên TTCN, cũng như chính sách đào tạo cầu thủ trẻ và mài giũa ngọc thô.</p>', 'http://cauthu.com.vn/wp-content/uploads/2017/06/real-1.jpg', 226, '2017-06-18 07:35:37', 2),
(9, 'Torres sẽ quay trở lại nước Anh?\r\n', 'Torres-quay-lai-nuoc-Anh', '<p><strong>Hợp đồng giữa Torres và Atletico sẽ chính thức đáo hạn vào cuối tháng này tuy nhiên 2 bên vẫn chưa có động thái rõ ràng nào trong việc ký kết 1 bản hợp đồng mới.</strong></p>', '<p>Mặc dù, tình yêu mà anh dành cho Atletico là đủ lớn để gắn bó trọn sự nghiệp tuy nhiên sự sa sút phong độ trầm trọng đã khiến đội chủ sân Metropolitano cũng phải đắn đo suy nghĩ. Họ không thể để tình cảm lấn át lý trí trong bối cảnh đội bóng đang cần một trung phong thực sự.</p>\r\n<p><img class="img-fluid" src="http://cauthu.com.vn/wp-content/uploads/2017/06/torres.jpg" /><br />\r\nViệc giữ Torres ở lại sẽ chỉ khiến cho đội bóng thêm phần khó khăn khi phải chi trả lương bổng cho một cầu thủ đã bước qua dốc bên kia của sự nghiệp. Không những thế, nếu Simeone chiêu mộ được hảo thủ cho mùa sau, chắc chắn Torres sẽ phải chịu cảnh dự bị dài hạn theo đó tài năng của anh sẽ ngày càng thui chột. Chính vì vậy, Torres ra đi là quyết định tốt cho cả 2 bên.</p><!-- adman_adcode (middle, 1) --><div align="center">\r\n\r\n</div><!-- /adman_adcode (middle) -->\r\n<p>Trong trường hợp phải rời Atletico vào mùa Hè này, rất có thể Torres sẻ trở lại nước Anh thi đấu. Cụ thể tiền đạo 33 tuổi người Tây Ban Nha hiện đang nhận được sự quan tâm nhất định từ phía Newcaslte, đội bóng đang được dẫn dắt bởi Benitez. Thương vụ này được chuyên gia đánh giá cao về tỷ lệ thành công nhờ duyên thầy trò giữa anh và Benitez.</p>\r\n<p><img class="ing-fluid" src="http://cauthu.com.vn/wp-content/uploads/2017/06/011283C2000004B0-0-image-a-3_1455875069388-e1496739960363.jpg" alt=""/><br />\r\nThời kì Torres thi đấu dưới màu áo Lữ Đoàn Đỏ, cả 2 đã cùng làm việc và phối hợp khá ăn ý vì vậy các CĐV xứ Sương mù cũng rất mong đợi màn tái hợp của cặp thầy trò này trong thời gian tới. Hơn nữa, Newcastle đã vừa chính thức thăng hạng thành công và đây là dịp tốt để anh chứng tỏ giá trị của mình trước đội bóng cũ Chelsea. Niềm khao khát chứng minh bản thân ấy chính là điểm mấu chốt mà Benitez sẽ tận dụng để kéo anh về với Chích Chòe.</p>\r\n<p>Ngoài ra, sau khi Benitez chính thức đưa đội bóng lên chơi Premier League, Newcastle hứa sẽ cấp cho chiến lược gia 57 tuổi này 100 triệu Bảng để mua sắm. Với số tiền lớn đó, chắc chắn Newcastle sẽ trở lại vô cùng mạnh mẽ với hình ảnh chú Chích Chòe từng “làm mưa làm gió” tại giải đấu số 1 nước Anh. Đây cũng chính là tiền đề để người ta hi vọng đội chủ sân James’ Park sẽ thành công trong việc chiêu mộ cựu ngôi sao của Liverpool ngay mùa hè này.</p>', 'http://cauthu.com.vn/wp-content/uploads/2017/06/torres.jpg', 196, '2017-06-18 07:38:23', 2),
(10, 'Messi ra yêu sách khi gia hạn hợp đồng\r\n', '', '<p><strong>Leo Messi yêu cầu Barca phải bán ba đồng đội trước khi cam kết tương lai với đội bóng</strong></p>\r\n<p>Hợp đồng của Messi với Barca hiện tại chỉ còn một năm, tuy nhiên cầu thủ người Argentina vẫn chưa định đặt bút ký vào hợp đồng gia hạn.</p>', '<p><img class="ing-fluid" src="http://cauthu.com.vn/wp-content/uploads/2017/06/messi.jpg" /><br />\r\nBáo chí Tây Ban Nha khẳng định, hai bên đã tiến rất gần đến một bản hợp đồng có thời hạn 5 năm. Tuy nhiên, tờ Dario Gol cho rằng, Messi có đặt ra những yêu sách yêu cầu Barca phải thực hiện trước khi ký vào bản hợp đồng quan trọng này.</p>\r\n<p>Cầu thủ người Argentina đã chỉ đích danh ba cái tên: Paco Alcacer, Andre Gomes, Lucas Digne là những người không đủ khả năng để chơi bóng cho Gã khổng lồ xứ Catalonia.</p><!-- adman_adcode (middle, 1) --><div align="center">\r\n\r\n</div><!-- /adman_adcode (middle) -->\r\n<p>Ở chiều ngược lại, Messi rất kỳ vọng ban lãnh đạo Barca sẽ đưa về một tiền đạo ngang tầm với Luis Suarez và Neymar. Alcacer đơn giản là quá kém so với bất kỳ một thành viên nào trong bộ ba MSN.</p>\r\n<p><img class="img-fluid" src="http://cauthu.com.vn/wp-content/uploads/2017/06/057871c490fcd0e751f11d9c1eb7a5e3.jpg"/><br />\r\nTrong khi đó, Andre Gomes dường như không thể hòa nhập với lối chơi của Barca và chắc chắn không thể thay thế tầm ảnh hưởng của Andre Iniesta sau khi người đội trưởng 33 tuổi giải nghệ.</p>\r\n<p>Digne là cầu thủ cuối cùng trong bộ ba bị Messi chỉ điểm, siêu sao 29 tuổi cảm thấy dường như Digne không phải là một phần của đội bóng sau khi chỉ có đóng góp duy nhất là một bàn thắng cho Barca trong mùa giải này.</p>\r\n<p>Trong khi đó, Arda Turan và Jeremy Mathieu cũng đã có những ngày cuối cùng của mình tại Nou Camp khi họ không chứng minh được năng lực của mình với các quan chức Barca.</p>', 'http://cauthu.com.vn/wp-content/uploads/2017/06/messi.jpg', 457, '2017-06-18 07:42:24', 2),
(11, 'BLĐ Bayern làm chuyện dư thừa\r\n', '', '<p><strong>&#8220;Hùm xám&#8221; Munich vừa có một sự thay đổi đáng nhẽ là khá quan trọng nhưng thật ra sự đổi thay này nếu không được nghe và cố soi thật kỹ thì chẳng ai hiểu BLĐ của CLB xứ Bavaria làm như vây để mà chi. </strong></p>', '<p>Dưới đây là bức ảnh chỉ ra sự khác biệt giữa logo cũ và mới của gã khổng lồ bóng đá Đức. Hãy quan sát thật kỹ trong vài phút, liệu bạn có tìm ra được sự khác biệt giữa 2 logo này?</p>\r\n<p style="text-align: center;"><img class="img-fluid" src="http://media.bongda.com.vn/files/anh.vu/2017/06/17/3a1-1033.jpg" alt="Bayern đổi logo, đến fan ruột cũng khó nhận ra - Bóng Đá" /></p><!-- adman_adcode (middle, 1) --><div align="center">\r\n\r\n</div><!-- /adman_adcode (middle) -->\r\n<p>Nếu vẫn chưa tìm ra sự khác nhau, có lẽ bạn cũng không nên quá buồn vì thực tế cũng có rất nhiều fan ruột của Bayern cũng chẳng phân biệt được sự khác biệt giữa 2 logo này.</p>\r\n<p>Được biết thì so với logo cũ, logo mới của Bayern có tới&#8230; 5 sự điều chỉnh mà có lẽ chỉ những chuyên gia thiết kế có nhiều năm kinh nghiệm mới có thể nhận ra. Cụ thể sự thay đổi lần lượt là:</p>\r\n<p>1. Viền màu xanh đậm hơn<br />\r\n2. Nền màu đỏ cũng đậm hơn trước<br />\r\n3. Chữ M-mới font khác và ngắn hơn M-cũ<br />\r\n4. 8 hình tứ giác ở giữa rút lại thành 7 hình và màu đậm hơn.<br />\r\n5. Chữ C-mới mập và đầy đặn hơn chữ C-cũ.</p>\r\n<p>Quả là một sự thay đổi rất có đầu tư của lãnh đạo Bayern.</p>\r\n<p><iframe src="https://www.youtube.com/embed/1kT9GDnYgrU" width="100%" height="400px" frameborder="0" allowfullscreen="allowfullscreen"></iframe></p>', 'http://media.bongda.com.vn/files/anh.vu/2017/06/17/3a1-1033.jpg', 240, '2017-06-18 07:47:55', 3),
(12, 'Bayern đón “bom tấn” thay thế Xabi\r\n', '', '<p><strong>Để bổ khuyết vị trí mà Xabi Alonso để lại sau khi giải nghệ, Bayern Munich đã chi ra trên 40 triệu euro để đón tiền vệ trẻ đến từ Ligue 1.</strong></p>', '<div><span style="font-family: arial; font-size: small;">&#8220;Hùm xám&#8221; vào tối qua đã thông báo việc chiêu mộ thành công Corentin Tolisso từ Lyon. Tiền vệ 22 tuổi người Pháp ký hợp đồng 5 năm với đội chủ sân Allianz Arena.</span></div>\r\n<div><span style="font-family: arial; font-size: small;"> </span></div>\r\n<div><span style="font-family: arial; font-size: small;"><img class="img-fluid" src="http://bongdaso.com/images/Article/Upload/170615_002316_896.jpg" alt="" /></span></div>\r\n<div><span style="font-family: arial; font-size: small;"> </span></div>\r\n<div><span style="font-family: arial; font-size: small;">Theo nhiều báo tại châu Âu, Bayern phải bỏ ra 41,5 triệu euro trong thương vụ này. Chưa hết, để có chữ ký của Tolisso, họ đã phải cạnh tranh quyết liệt với nhà ĐKVĐ nước Anh Chelsea.</span></div><!-- adman_adcode (middle, 1) --><div align="center">\r\n\r\n</div><!-- /adman_adcode (middle) -->\r\n<div><span style="font-family: arial; font-size: small;"> </span></div>\r\n<div><span style="font-family: arial; font-size: small;">Mặc dù mới 22 tuổi nhưng Tolisso không thiếu kinh nghiệm với tổng cộng 160 trận đấu cho Lyon trên mọi đấu trường. Không những vậy, tiền vệ này còn gây ấn tượng mạnh nhờ sự đa năng. </span></div>\r\n<div><span style="font-family: arial; font-size: small;"> </span></div>\r\n<div><span style="font-family: arial; font-size: small;">Ở Lyon, Tolisso đã chơi hầu như mọi vị trí ở hàng tiền vệ, thậm chí chơi như một số 9 ảo ở mùa giải vừa rồi cho dù vị trí sở trường của anh là tiền vệ trung tâm.</span></div>\r\n<div><span style="font-family: arial; font-size: small;"> </span></div>\r\n<div><span style="font-family: arial; font-size: small;">Tolisso gắn bó với Lyon từ năm 13 tuổi và anh có rất nhiều cảm xúc khi quyết định chia tay CLB này. Chia sẻ trên trang chủ Bayern, ngôi sao trẻ người Pháp nói: “Tôi đã trải qua những tháng ngày tuyệt vời với Lyon và tôi rất biết ơn CLB”.</span></div>\r\n<div><span style="font-family: arial; font-size: small;"> </span></div>\r\n<div><span style="font-family: arial; font-size: small;">“Tất nhiên tôi rất hạnh phúc khi được trở thành một phần của Bayern, một trong những CLB xuất sắc nhất châu Âu. Tôi có những mục tiêu lớn với Bayern và hôm nay là một ngày rất tuyệt vời với tôi”.</span></div>', 'http://bongdaso.com/images/Article/Upload/170615_002316_896.jpg', 67, '2017-06-18 07:52:57', 3),
(13, 'HLV đưa Ajax vào CK Europa League trở thành tân HLV Dortmund', '', '<p><strong>Peter Bosz, người đã dẫn dắt một Ajax trẻ trung vào trận chung kết Europa League 2016/17 đã được Dortmund bổ nhiệm làm HLV trưởng thay thế vị trí của Thomas Tuchel.</strong></p>', '<p>Dortmund xác nhận bổ nhiệm Bosz làm HLV mới của họ theo bản hợp đồng có thời hạn 2 năm. Đội bóng nước Đức phải trả cho CLB cũ của Bosz là Ajax số tiền giải phóng hợp đồng 4,3 triệu euro. Dortmund đã chia tay HLV Tuchel vào tuần trước và hy vọng Lucien Favre, người đang dẫn dắt Nice sẽ thay thế. Dù vậy, Dortmund bị Favre từ chối và đội chủ sân Signal Iduna Park chuyển hướng sang Bosz.</p><!-- adman_adcode (middle, 1) --><div align="center">\r\n\r\n</div><!-- /adman_adcode (middle) -->\r\n<p><img class="ing-fluid" src="http://cauthu.com.vn/wp-content/uploads/2017/06/bosz.jpg" alt="" /><br />\r\nBosz, cựu HLV của Vitesse Arnhem và Maccabi Tel Aviv đã có thời gian ngắn thi đấu ở Bundesliga khi còn là cầu thủ trong màu áo của Hansa Rostock. Không mấy thành công trong vai trò cầu thủ, giờ ông sẽ quay lại nước Đức để khẳng định mình như một HLV tầm cỡ.</p>\r\n<p>Bosz có danh tiếng tốt khi làm việc với các cầu thủ trẻ. Đội hình đá chính của Ajax trong trận chung kết Europa League 2016/17 với M.U có độ tuổi trung bình 22 tuổi, 282 ngày, trẻ nhất trong lịch sử các trận chung kết cúp châu Âu. Mùa 2016/17 vừa qua, ông đưa Ajax cán đích thứ 2 tại giải VĐQG Hà Lan và là Á quân Europa League.</p>\r\n<p>Tới Dortmund, HLV 53 tuổi sẽ có trong tay đội hình gồm nhiều cầu thủ trẻ tài năng. Thử thách đầu tiên dành cho Bosz sẽ là thuyết phục Ousmane Dembele, người đang được Barcelona theo đuổi rằng anh sẽ có tương lai tươi đẹp khi ở lại Dortmund.</p>', 'http://cauthu.com.vn/wp-content/uploads/2017/06/bosz.jpg', 132, '2017-06-18 07:55:02', 3),
(14, 'NÓNG: Aubameyang CHÍNH THỨC gửi đơn xin được bán', '', '<p><strong>Điều gì phải đến cuối cùng cũng phải đến khi tiền đạo Aubameyang đã đệ đơn lên BLĐ của CLB Dortmund để xin được ra đi ngay trong mùa hè năm nay.</strong></p>', '<div><img class="img-fluid" src="http://bongdaso.com/images/Article/Upload/170530_144806_737.jpg"/></div>\r\n<div></div>\r\n<p style="text-align: left;">Tờ Sky Sports cho biết tiền đạo Pierre-Emerick Aubameyang đã đệ đơn lên BLĐ Dortmund để xin được ra đi ngay trong mùa Hè này.</p>\r\n<p style="text-align: left;">Được biết, Pierre-Emerick Aubameyang chia tay Dortmund để tìm kiếm một bến đỗ giàu tham vọng hơn, nơi mà sẽ cho anh những danh hiệu. Hơn nữa, việc nội bộ lục đục cũng là một phần nguyên nhân khiến Aubameyang không còn quá mặn mà với việc ở lại.</p><!-- adman_adcode (middle, 1) --><div align="center">\r\n\r\n</div><!-- /adman_adcode (middle) -->\r\n<p style="text-align: left;">Aubameyang chính là chân sút chủ lực của Dortmund mùa giải vừa qua, chỉ tính riêng tại Bundesliga, tiền đạo người Gabon cũng đã ghi được 31 bàn thắng. Nếu tính trên mọi mặt trận, số bàn thắng của Aubameyang là 40 sau 46 lần ra sân.</p>\r\n<p style="text-align: left;">Thành tích ấn tượng của Aubameyang góp phần không nhỏ trong hành trình giành vé dự vòng bảng Champions League của Dortmund mùa tới, cũng như chức vô địch Cúp QG Đức.</p>\r\n<p style="text-align: left;">Hiện chưa thể khẳng định chắc chắn bến đỗ mới của chân sút người Gabon. Tuy vậy, Aubameyang đang nằm trong tầm ngắm của rất nhiều CLB lớn.</p>\r\n<p style="text-align: left;">Aubameyang từng được liên hệ với AC Milan và Real Madrid. Ngoài ra, Paris Saint-Germain được đồn đoán cũng đang bày tỏ sự quan tâm tới chân sút số 1 Bundesliga mùa vừa qua.</p>', 'http://bongdaso.com/images/Article/Upload/170530_144806_737.jpg', 161, '2017-06-18 07:58:10', 3);
INSERT INTO `tin` (`id`, `TieuDe`, `TieuDe_KhongDau`, `TomTat`, `Content`, `UrlHinh`, `SoLanXem`, `Ngay`, `idLeague`) VALUES
(15, 'Thomas Tuchel bất ngờ bị đá\r\n', '', '<p><strong>Sau khi kết thúc mùa giải 2016 &#8211; 2017, HLV Thomas Tuchel đã bất ngờ đối mặt với một hoàn cảnh mà có lẽ bản thân ông cũng không thể lường trước được.</strong></p>', '<div>CLB Dortmund đã chính thức sa thải HLV Thomas Tuchel. Thông tin này cũng đã được đội bóng của Đức công bố rộng rãi.</div>\r\n<div><span style="font-family: arial; font-size: small;"> </span></div>\r\n<div>Bản thân HLV Thomas Tuchel cũng đã cho đăng tải trên trang twitter cá nhân lời chia tay NHM Dortmund. Ông cũng thừa nhận là đã có những ngày tháng không vui cùng với đội bóng vùng Ruhr.</div>\r\n<div><span style="font-family: arial; font-size: small;"> </span></div>\r\n<div>&#8220;Tôi thật sự đã có hai năm sôi động và thú vị, nhưng tiếc là có nhiều thứ diễn ra không như mong đợi. Tôi xin gửi những lời chúc tốt đẹp nhất tới Dortmund&#8221;, Tuchel chia sẻ.</div>\r\n<div><span style="font-family: arial; font-size: small;"> </span></div><!-- adman_adcode (middle, 1) --><div align="center">\r\n\r\n</div><!-- /adman_adcode (middle) -->\r\n<div><img class="ing-fluid" src="http://i.dailymail.co.uk/i/pix/2017/05/30/12/40EF236C00000578-4554750-image-a-40_1496142181819.jpg" alt=""/></div>\r\n<div><span style="font-family: arial; font-size: small;"> </span></div>\r\n<div>Thực tế thì việc Tuchel chia tay Dortmund không phải điều gì quá bất ngờ. Trước đó, đôi bên được cho là có nhiều xích mích với nhau và không thể hàn gắn.</div>\r\n<div><span style="font-family: arial; font-size: small;"> </span></div>\r\n<div>Tuchel tiếp quản Dortmund từ mùa giải 2015/16 sau khi Klopp chuyển tới Liverpool. Cùng với Dortmund, Tuchel cũng đã để lại nhiều dấu ấn. Ông đã giành 69 chiến thắng sau 107 dẫn dắt Dormtund.</div>\r\n<div><span style="font-family: arial; font-size: small;"> </span></div>\r\n<div><span style="font-family: arial; font-size: small;">Mùa đầu tiên, Tuchel giúp Dortmund đứng thứ hai tại Bundesliga sau Bayern Munich, và cán đích vị trí thứ 3 ở mùa này. </span>Và một điều quan trọng nữa là trong mùa giải cuối cùng của mình, Tuchel đã cùng đội bóng áo vàng đen giành danh hiệu an ủi là chức vô địch Cúp QG Đức. Đây chính là món quà chia tay không thể ý nghĩa hơn mà Tuchel muốn gửi tới NHM Dortmund.</div>', 'http://i.dailymail.co.uk/i/pix/2017/05/30/12/40EF236C00000578-4554750-image-a-40_1496142181819.jpg', 76, '2017-06-18 08:00:16', 3),
(16, 'Di Maria không thể sang Barca thi đấu\r\n', '', '<p><strong>Barcelona muốn lôi kéo Di Maria về sát cánh với Messi. Nhưng chuyện đó sẽ không thể xảy ra chừng nào tiền vệ người Argentina còn khoác áo PSG. Lý do bởi PSG đã “cài” trong hợp đồng với Di Maria điều khoản cấm… gia nhập Barca.</strong></p>', '<p>PSG đã học cách chơi khăm Barca của Real Madrid. Hồi năm 2014, đội bóng thủ đô Tây Ban Nha bán Di Maria cho M.U song không quên “làm khó” kình địch Barca. Phía Real thòng vào hợp đồng mua bán điều khoản cấm M.U bán lại Di Maria cho đội chủ sân Nou Camp. Nếu M.U vi phạm sẽ phải nộp tiền phạt cho Real. Thế nên khi Di Maria muốn ra đi, M.U chọn PSG là bến đỗ mới cho tiền vệ người Argentina.</p>\r\n<p><img class="img-fluid" src="http://cauthu.com.vn/wp-content/uploads/2017/06/dimarria.jpg" alt="" /><br />\r\nTheo tờ Le Parisien, đang có một điều khoản tương tự trong hợp đồng của Di Maria tại sân Công viên các hoàng tử. Theo đó, tiền vệ sinh năm 1988 không được phép chuyển sang Barca trước tháng 6/2019 (thời điểm Di Maria hết hạn hợp đồng tại PSG). Real chơi khăm Barca đã đành, vì sao PSG cũng phải làm thế?</p>\r\n<p>Lý do cũng như nhau cả thôi, PSG không muốn tăng cường sức mạnh cho đối thủ đáng ghét. Cho tới trước khi Di Maria cập bến PSG vào mùa hè 2015, đội bóng thành Paris đã đụng Barca tới 6 lần tại Champions League chỉ trong vòng 3 năm. PSG chỉ thắng được 1, và nhìn chung sợ Barca như sợ cọp.</p><!-- adman_adcode (middle, 1) --><div align="center">\r\n\r\n</div><!-- /adman_adcode (middle) -->\r\n<p>Do vậy, Barca chẳng có cơ hội nào sở hữu Di Maria. Thực ra, ngay cả khi không có điều khoản oái ăm đó, PSG cũng không đời nào bán ngôi sao hàng đầu của họ. Việc tìm người thay thế Di Maria là vô cùng khó khăn, cho dù phong độ của tiền vệ người Argentina không thực sự ổn định.</p>\r\n<p>Điều quan trọng, bản thân Di Maria vẫn còn khát khao cống hiến cho PSG. Đã có những thời điểm Di Maria sa sút, thậm chí bị loại khỏi đội hình chính thức. Nhưng cầu thủ người Argentina không thất vọng đến mức dứt áo ra đi. Di Maria vẫn muốn là một phần trong tham vọng bá chủ của PSG.</p>\r\n<p><img class="img-fluid" src="http://cauthu.com.vn/wp-content/uploads/2017/06/dimarria1.jpg" alt=""/><br />\r\nĐiều đó đã được khẳng định trong bữa ăn tối thân mật giữa Di Maria và HLV Unai Emery hồi đầu tuần, tại một nhà hàng Italia ở quận 17, Paris. Đó được xem là một buổi làm việc không chính thức về tương lai Di Maria. Tiền vệ người Argentina muốn biết kế hoạch của Emery mùa tới, và vai trò của anh trong kế hoạch đó. Bữa ăn tối đầu tiên giữa họ đã giúp hai bên sát lại gần nhau, xua đi những rạn nứt ở mùa giải vừa rồi.</p>\r\n<p>Trong cuộc gặp đó, Emery đặt niềm tin vào Di Maria ở mùa giải sau. Và cựu cầu thủ M.U cũng khẳng định muốn tiếp tục gắn bó với sân Công viên các hoàng tử. Ngoài lý do thể thao, Di Maria muốn ở lại Paris cũng vì vợ và con gái “không bao giờ nghĩ tới chuyện rời Paris đi nơi khác”. Gia đình nhỏ của Di Maria đang có cuộc sống yên bình hoàn hảo tại thủ đô nước Pháp.</p>\r\n<p>Cần biết rằng ngoài Barca, Inter cũng đã tiếp cận Di Maria. Tuy nhiên có thể khẳng định rằng tương lai của tiền vệ 29 tuổi vẫn thuộc về PSG, ít nhất là ở mùa giải 2017/18. Một năm trước thềm World Cup 2018, Di Maria hay bất kỳ ngôi sao nào khác cũng tránh việc thay đổi CLB tiềm ẩn nhiều rủi ro.</p>', 'http://cauthu.com.vn/wp-content/uploads/2017/06/dimarria.jpg', 278, '2017-06-18 08:49:33', 4),
(17, 'Monaco thắng nghẹt thở trong ngày lên ngôi vương', '', '<p><strong>Monaco đã có chiến thắng nghẹt thở 3-2 trước chủ nhà Rennes trong ngày đăng quang ngôi vô địch Ligue 1, trong khi PSG trên sân nhà bị Caen cầm chân với tỷ số 1-1.</strong></p>', '<p>Monaco đã sớm giành chức vô địch sau chiến thắng 2-0 trước Saint-Etienne ở trận đấu bù giữa tuần qua. Chính vì thế, ở trận đấu cuối cùng của mùa giải, đoàn quân của HLV Leonardo Jardim đã bước ra sân và nhận được những tràng pháo tay tới từ các cầu thủ Rennes đứng 2 hàng dọc chờ đón.</p>\r\n<p><img class="img-fluid" src="http://cauthu.com.vn/wp-content/uploads/2017/05/monaco.jpg" alt="" /><br />\r\nSau ít phút ăn mừng trên sân, trận đấu được bắt đầu và Monaco cho thấy họ muốn giành chiến thắng để ngày nhận chức vô địch thực sự ý nghĩa. Trong suốt hiệp đấu đầu tiên thủ thành Beinot Costil của Rennes liên tục phải hoạt động trước sự công phá mãnh liệt của hàng công đội khách. Tuy nhiên, phải tới phút 42, mành lưới của Rennes mới rung lên sau pha dứt điểm của tiền vệ Fabinho.</p><!-- adman_adcode (middle, 1) --><div align="center">\r\n\r\n</div><!-- /adman_adcode (middle) -->\r\n<p>Trung vệ Jermeson, người mới được gọi vào đội tuyển Brazil lên tiếng giúp Monaco nhân đôi cách biệt ngay đầu hiệp 2. Về phía Rennes, tiền đạo Adama Diakhaby lập cú đúp ở các phút 69 và 90, nhưng chừng đó là chưa đủ giúp họ giành được 1 điểm trên sân nhà, bởi trung vệ trẻ Jorge trong lần hiếm hoi được đá chính mùa này đã giúp Monaco có bàn thắng ở phút 68.</p>\r\n<p><img class="img-fluid" src="http://cauthu.com.vn/wp-content/uploads/2017/05/monaco1.jpg" alt="" /><br />\r\nGiành chiến thắng chung cuộc 3-2, Monaco cho thấy mình hoàn toàn xứng đáng với danh hiệu vô địch khi giành được 95 điểm, ghi 107 bàn thắng. Thành tích này vượt trội so với đội đứng thứ 2 là PSG, đội bị Caen cầm chân với tỷ số 1-1 ở trận đấu cùng giờ. Kết thúc mùa giải, PSG có 87 điểm, hàng công chỉ nổ súng 83 lần.</p>\r\n<p>Ở cuộc đua giành vé dự cúp châu Âu, Marseille có chiến thắng tối thiểu trước Bastia, qua đó giành suất cuối cùng tham dự vòng sơ loại thứ 3 Europa League khi kết thúc mùa giải ở vị trí thứ 5.</p>\r\n<p>Trong khi đó, ở cuộc chiến trụ hạng, dù đánh bại Saint-Etienne 3-1 nhưng Nancy cũng không thể trụ hạng thành công khi chỉ có được 35 điểm. Xuống hạng cùng với Nancy là Bastia, đội nhận thất bại trước Marseille. Caen với trận hòa quý giá trên sân của PSG đã giành vé ở lại Ligue 1, &#8220;nhường&#8221; suất đá play-off trụ hạng cho Lorient, đội cũng chỉ có trận hòa trên sân nhà trước Bordeax.</p>', 'http://cauthu.com.vn/wp-content/uploads/2017/05/monaco.jpg', 404, '2017-06-18 08:51:53', 4),
(18, 'Cavani xuất sắc nhất Ligue 1\r\n', '', '<strong>Tiền đạo số 1 của CLB PSG mùa giải này, Edison Cavani được bình chọn là Cầu thủ xuất sắc nhất Ligue 1 mùa giải 2016/17.</strong>', '<div>Edinson Cavani được vinh danh trong buổi lễ vào hôm qua. Đây là phần thưởng cá nhân xứng đáng với Cavani vì mùa giải toả sáng rực rỡ vừa qua.</div>\r\n<div></div>\r\n<div><img class="img-fluid" src="http://bongdaso.com/images/Article/Upload/170516_080310_590.png" alt="" /></div>\r\n<div></div><!-- adman_adcode (middle, 1) --><div align="center">\r\n\r\n</div><!-- /adman_adcode (middle) -->\r\n<div>Ngôi sao người Uruguay đã thay thế xứng đáng vai trò tiền đạo cắm của Ibrahimovic trên hàng công PSG, ghi tổng 35 bàn ở Ligue 1. Tuy nhiên, nỗ lực và thành tích đáng nể của Cavani không giúp được PSG giành chức vô địch Ligue 1.</div>\r\n<div></div>\r\n<div>Trong khi Cavani giành danh hiệu Cầu thủ xuất sắc nhất Ligue 1 thì chân sút trẻ của AS Monaco, cầu thủ đang được rất nhiều đội bóng lớn săn đón là Kylian Mbappe được bình chọn là Cầu thủ trẻ xuất sắc nhất giải đấu.</div>\r\n<div></div>\r\n<div>Còn Leonardo Jardim, nhà cầm quân đã giúp AS Monaco giành chức VĐ Ligue 1 2016/17, sau 17 năm chờ đợi, đã giành danh hiệu HLV xuất sắc nhất giải đấu.</div>\r\n<div></div>\r\n<div>Ở Ligue 2, John Bostock, cựu cầu thủ Crystal Palace hiện khoác áo RC Lens đã đoạt danh hiệu Cầu thủ xuất sắc nhất.</div>', 'http://bongdaso.com/images/Article/Upload/170516_080310_590.png', 324, '2017-06-18 08:53:54', 4),
(19, 'Balotelli bỏ phí thời gian thi đấu vì không biết buộc dây giày\r\n\r\n', '', '<p><strong>Chàng tiền đạo người Italy đã bỏ lỡ 2 phút thi đấu trong trận đấu giữa Nice và Nantes chỉ vì anh không thể buộc… dây giày.</strong></p>', '<p>Việc Nice bị Nantes cầm hòa có công không nhỏ từ Super Mario khi iền đạo người Italy đã bỏ lỡ gần 2 phút thi đấu vì một lý do hết sức buồn cười. Đó là không biết… buộc dây giày.</p>\r\n<p align="center"><img class="img-fluid" src="http://media2.thethaovanhoa.vn/2017/03/21/07/20/Balotelli_3.jpg"/>Balotelli khốn khổ vì dây giày</p>\r\n<p align="left">Số là trước khi trận đấu diễn ra, Balotelli đã buộc dây giày chân trái quá chặt khiến anh khó chịu. Tiền đạo 26 tuổi đã nỗ lực để nới lỏng nút thắt nhưng không thành công.</p>\r\n<p align="left">Sau đó, Super Mario phải nhờ đến sự giúp đỡ của một thành viên trong ban huấn luyện mới có thể ra sân với nút buộc đúng cách. Chứng kiến cảnh này, HLV Favre đã lộ rõ sự chán nản.</p><!-- adman_adcode (middle, 1) --><div align="center">\r\n\r\n</div><!-- /adman_adcode (middle) -->\r\n<p align="center"><img class="img-fluid" src="http://media2.thethaovanhoa.vn/2017/03/21/07/26/balotelli1.jpg"/><br />\r\nBalotelli cần về học lại cách buộc dây giày</p>\r\n<p align="left">Còn nhớ trong quá khứ, không ít lần Balotelli có những tình huống dở khóc dở cười với trang phục của mình. Hồi ở Man City, tiền đạo người Italy từng khiến đồng đội và CĐV cười ra nước mắt khi chứng kiến anh loay hoay không mặc nổi chiếc áo tập (Bib) khi ra sân tập cùng đồng đội.</p>\r\n<p align="center"><img class="img-fluid" src="http://media2.thethaovanhoa.vn/2017/03/21/07/29/ManchesterCityTraining.jpg" border="0" /><br />\r\nBalotelli gặp rắc rối với áo tập</p>\r\n<p align="left">Kể từ khi chuyển đến Nice ở mùa này, Balotelli đã ghi được 12 bàn trong 22 lần ra sân nhưng anh cũng nhận 6 thẻ vàng và bị đuổi 3 lần. Tiền đạo người Italy đã giúp đoàn quân của HLV Favre đứng thứ 3 trên BXH, kém đội đầu bảng Monaco 7 điểm trong khi giải đấu chỉ còn 8 vòng đấu nữa.</p>\r\n<p align="left"><strong>Video tình huống:</strong></p>\r\n<p><iframe src="http://embed.mecloud.vn/iframe/bLPRTsZa1r" width="666" height="444" frameborder="0" scrolling="no" allowfullscreen="allowfullscreen"></iframe></p>', 'http://media2.thethaovanhoa.vn/2017/03/21/07/20/Balotelli_3.jpg', 202, '2017-06-18 08:57:40', 4),
(20, 'Bị cầm chân, Nice hụt hơi trong cuộc đua với PSG và Monaco', '', '<p><strong>Chỉ giành được 1 điểm trong chuyến hành quân tới sân của Nantes, Nice bỏ lỡ cơ hội thu hẹp khoảng cách bám đuổi với 2 đội xếp trên là Monaco và PSG.</strong></p>', '<p>Hành quân tới sân của Nantes với tham vọng giành chiến thắng, song Nice đã gặp rất nhiều khó khăn trước chủ nhà Nantes, đội bóng có tâm lý thi đấu khá thoải mái khi an phận ở giữa BXH. Trong khoảng 20 phút đầu trận, Nantes liên tục dồn ép Nice về phần sân nhà và có ít nhất 3 tình huống dứt điểm về phía khung thành đội khách nhưng không thể ghi bàn.</p>\r\n<p><img class="img-fluid" src="http://img.f8.bdpcdn.net/Assets/Media/2017/03/19/41/nice1.jpg" alt="Sala ghi bàn mở tỷ số trận đấu" /></p><!-- adman_adcode (middle, 1) --><div align="center">\r\n\r\n</div><!-- /adman_adcode (middle) -->\r\n<p>Phải tới phút 22, từ pha lên bóng mạch lạc bên cánh phải, bóng được căng ngang vào trong cho Jules Iloki làm tường để Emiliano Sala băng vào dứt điểm hiểm hóc mở tỷ số cho các cầu thủ chủ nhà Nantes.</p>\r\n<p>Thi đấu lép vế so với đối phương, song Nice cũng sớm tìm được bàn gỡ ở tình huống dứt điểm chính xác đầu tiên của họ. Phút 28, từ pha phối hợp trung lộ rất nhanh, Belhanda đánh gót hợp lý cho Jean Michael Seri nhận bóng và dứt điểm uy lực từ ngoài vòng cấm san bằng cách biệt cho đội khách.</p>\r\n<p>Những phút còn lại của trận đấu, đôi bên đều tạo ra được những cơ hội dứt điểm ghi bàn khá ngon ăn nhưng đáng tiếc sự vô duyên khiến các cầu thủ không thể cụ thể hóa thành bàn thắng. Nice chấp nhận chia điểm trên sân của Nantes và gần như đã giương cờ trắng trong cuộc đua vô địch với Monaco và PSG. Hiện tại, Nice vẫn đứng thứ 3 trên BXH, kém ngôi đầu của Monaco 4 điểm nhưng đã thi đấu nhiều hơn 1 trận.</p>', 'http://img.f8.bdpcdn.net/Assets/Media/2017/03/19/41/nice1.jpg', 347, '2017-06-18 08:58:51', 4),
(21, 'Đồng đội vô tình tiết lộ tương lai của Dani Alves\r\n', '', '<p><strong>Đang trong quá trình đàm phán hợp đồng mới với Juventus và chưa thể đạt kết quả cuối cùng nhưng thông tin về tương lai của Dani Alves đã vô tình bị lộ qua trang mạng xã hội của một đồng đội.</strong></p>', '<p>Tương lai của Dani Alves tại Juventus đã và đang là một trong những chủ đề được báo giới nhắc đến trong khoảng thời gian gần đây. Sau 1 năm khoác áo Bà đầm già thành Turin, nhiều nguồn tin cho rằng Dani Alves đã sẵn sàng nói lời chia tay sân Juventus Arena ngay trong mùa Hè năm nay.</p><!-- adman_adcode (middle, 1) --><div align="center">\r\n</div><!-- /adman_adcode (middle) -->\r\n<img class="img-fluid" src="http://media.bongda.com.vn/files/kimtien.nguyen/2017/06/17/danialves-1705-dybala-higuain-epa_4-2115.jpg" alt="Higuain vô tình tiết lộ tương lai của Dani Alves - Bóng Đá"  />\r\n<p>Thêm vào đó, cũng có thông tin khẳng định Alves muốn ký vào bản hợp đồng dài hạn hơn với nhà đương kim vô địch Serie A, tuy nhiên đội bóng nước Ý lại chưa chuẩn bị sẵn sàng cho ‘tương lai xa’ của hậu vệ người Brazil. Do đó, một lời đề nghị từ Ngoại hạng Anh hay Trung Quốc rất có thể sẽ là lựa chọn tiếp theo của Dani Alves.</p>\r\n<p>Người đồng đội tại Juve Gonzalo Higuain lại khiến thông tin nói trên trở nên nóng hổi hơn bao giờ hết <strong>khi đăng tải một thông điệp chia tay gửi đến Alves:</strong> <em>“Được chơi bóng cùng anh là một niềm vinh dự. Tôi hy vọng những điều tốt nhất sẽ đến với anh và chúng ta sẽ có cơ hội được chơi bóng cùng nhau trong tương lai gần.”</em> Tuy nhiên, lời nhắn này nhanh chóng được Higuain gỡ xuống, có lẽ bởi chân sút người Argentina nhận ra thông tin này vẫn chưa cả phía cầu thủ lẫn đội bóng đưa ra trước truyền thông.</p>\r\n<p style="text-align: right;">Theo <em><strong>Thể Thao Việt Nam</strong></em></p>', 'http://media.bongda.com.vn/files/kimtien.nguyen/2017/06/17/danialves-1705-dybala-higuain-epa_4-2115.jpg', 206, '2017-06-18 09:03:24', 5),
(22, 'Donnarumma không phải phản bội… lần đầu', '', '<p><strong>Theo lời người phát hiện ra tài năng của Gianluigi Donnarumma chia sẻ vào ngày hôm qua thì việc &#8220;chú nhóc 18 tuổi&#8221; bội phản niềm tin của Milan vốn có thể được dự liệu từ trước.</strong></p>', '<p>AC Milan và người đại diện của Gianluigi Donnarumma, Mino Raiola, đã kết thúc cuộc họp bàn vào hôm trước ( 15-6 ) với kết quả không mong muốn giành cho Rossoneri. Thủ thành người Italia đã quyết định không gia hạn hợp đồng với Milan, đồng nghĩa với việc hợp đồng của thủ môn 18 tuổi và Rossoneri sẽ hết hạn vào mùa hè 2018 và anh có thể ra đi theo dạng chuyển nhượng tự do.</p>\r\n<p>Giocondo Martorelli, người đã phát hiện ra Donnarumma từ lúc anh mới 10 tuổi và sau đó đã thông báo để Inter theo dõi suốt 4 năm, khẳng định ông biết trước rằng sự phản bội này của Donnarumma sẽ diễn ra.</p>\r\n<p style="text-align: center;"><img class="img-fluid"  src="http://media.thethaovanhoa.vn/Upload/kl9TCqbr3EjwtAcRWNETMg/files/2017/06/16/donnamurra/donnarumma%20(3).jpg" alt="Chú thích ảnh" /></p>\r\n<p style="text-align: center;"><em>Donnamurra đã chính thức không gia hạn hợp đồng với Milan</em></p>\r\n<p>Chia sẻ trên TMW Radio, ông Martorelli thuật lại: “Những điều tôi nói có thể gây khó chịu với một số người, nhưng tôi lại là một trong số ít những người chứng kiến vụ việc này”.</p>\r\n<p>“Tôi biết cậu ta từ trước khi gia nhập Milan, và vì thế tôi sẽ chẳng lấy làm ngạc nhiên nếu như được tin Donnarumma không gia hạn hợp đồng. Tôi biết mọi thứ về cậu ta, về gia đình, họ hàng, về mọi ngóc ngách trong ngôi nhà của cậu ta. Có những thứ thực sự làm tôi ngạc nhiên, đó là việc các tờ báo lớn và đài truyền hình giả vờ không biết những chuyện bí mật của cậu ta, và luôn luôn là như vậy”.</p><!-- adman_adcode (middle, 1) --><div align="center">\r\n\r\n</div><!-- /adman_adcode (middle) -->\r\n<p>“Tôi không nói rằng tôi là người phát hiện ra cậu ta, mà tôi chỉ là người may mắn có mặt đúng thời điểm. Khi đó, cậu ta mới chỉ là một thằng nhóc 10 tuổi. Rất tài năng, thậm chí một người mù cũng có thể nhận xét như thế. Tôi thấy thằng nhóc này ở Naples, và ngay lập tức, tôi điện cho Piero Ausilio ở Inter. Và thế là trong suốt 3 năm rưỡi, cậu ta đã được Inter săn sóc tận răng, và từng cho tới sân tập để đá thử”.</p>\r\n<p>Ông này cũng kể, Donnarumma và gia đình đã ký hợp đồng sơ bộ với Inter vào năm 2013. Tuy nhiên, ngay buổi sáng hôm sau, gia đình này lại đồng ý ký hợp đồng với Milan mà không có lấy một lời giải thích.</p>\r\n<p>“Và thế là, tôi tin rằng một ngày nào đó cậu nhóc này sẽ lại làm điều tương tự với Milan mà thôi”, ông Martorelli nói. “Và thực tế đã chứng minh rằng tôi đúng”.</p>\r\n<p style="text-align: center;"><img class="img-fluid" src="http://media.thethaovanhoa.vn/Upload/kl9TCqbr3EjwtAcRWNETMg/files/2017/06/16/donnamurra/donnarumma%20(2).jpg" alt="Chú thích ảnh" /></p>\r\n<p style="text-align: center;"><em>Ông Giocondo Martorelli, người phát hiện ra Donnamurra lúc 10 tuổi đã đoán trước được sự bạc bẽo của gia đình thủ thành người Italia</em></p>\r\n<p>“Tôi xin lặp lại: năm 2013, gia đình này đã ký hợp đồng sơ bộ với Inter. Thế mà họ lại lên máy bay trở lại Naples vào sáng hôm sau để ký hợp đồng với Milan. Và thế là hợp đồng mà họ ký cách đó chưa đầy 24h đã không còn hiệu lực”.</p>\r\n<p>Gianluigi Donnarumma hiện đang là thủ môn trẻ thứ hai trong lịch sử chơi tại Serie A kể từ khi anh đá trận ra mắt cùng Milan khi mới 16 tuổi hồi năm 2015. Từ đó, anh luôn giữ vị trí số 1 trong khung gỗ của Milan và trở thành thủ môn trẻ nhất chơi cho tuyển Italy khi mới 17 tuổi và 189 ngày.</p>\r\n<p>Trước đó, Milan từng loan tin sẽ giữ bằng được thủ thành này, ngay cả khi các đại gia có trả họ đến 100 triệu euro, Donnarumma cũng không phải để bán. Tuy nhiên, đến hiện tại thì Rossoneri sẽ phải đứng trước hai lựa chọn: hoặc giữ Donnaruma chơi thêm một mùa bóng nữa trước khi để anh ra đi theo dạng chuyển nhượng tự do; hoặc bán Donnaruma ngay trong mùa Hè này để thu về một khoản tiền chuyển nhượng nhất định.</p>\r\n<p style="text-align: right;">Theo <em><strong>Thể Thao Văn Hóa</strong></em></p>', 'http://media.thethaovanhoa.vn/Upload/kl9TCqbr3EjwtAcRWNETMg/files/2017/06/16/donnamurra/donnarumma%20(3).jpg', 372, '2017-06-18 09:07:13', 5),
(23, 'Serie A mùa tới không có lịch cho kì nghỉ Đông\r\n', '', '<p><strong>LĐBĐ Italia đã công bố lịch thi đấu sơ bộ Serie A mùa giải tới và một trong những điểm khác biệt lớn nhất là việc sẽ không có kỳ nghỉ Đông như thường lệ.</strong></p>', '<p>Cụ thể Serie A mùa 2017/18 sẽ khởi tranh vào ngày 20/8 và kết thúc vào 20/5 năm sau. Trong suốt mùa giải, có vài thời điểm các vòng đấu sẽ phải dừng lại để nhường chỗ cho ĐTQG tham dự các trận đấu quốc tế. Ngoài ra, có 3 vòng đấu diễn ra vào giữa tuần.</p>\r\n<p><img class="img-fluid" src="http://cauthu.com.vn/wp-content/uploads/2017/06/seriea.jpg" alt=""/><br />\r\nNgày Chủ nhật (3/9) là quãng dừng đầu tiên, khi ĐT Italia có trận đấu quan trọng với Tây Ban Nha ở vòng loại World Cup 2018. Đây là trận đấu mang tính chất sống còn, ảnh hưởng tới việc giành tấm vé trực tiếp tới Nga.</p><!-- adman_adcode (middle, 1) --><div align="center">\r\n\r\n</div><!-- /adman_adcode (middle) -->\r\n<p>Sau đó, Serie A còn phải tạm dừng vào các ngày 8/10, 12/11 và 25/3/2018 để ĐT Italia tham dự nốt các trận đấu tại vòng loại World Cup 2018 cũng như các trận giao hữu quốc tế.</p>\r\n<p>Thay đổi bất ngờ và lớn nhất trong lịch sử Serie A ở mùa giải 2017/18 chính là việc giải đấu sẽ không có kỳ nghỉ Đông như thường lệ. Cụ thể, thay vì nghỉ vào dịp Giáng sinh, Serie A sẽ nghỉ vào dịp năm mới. Kỳ nghỉ bắt đầu từ 7 đến 20/1.</p>\r\n<p>Điều này đồng nghĩa với việc giải đấu sẽ tạm dừng một vòng vào ngày cuối tuần. Ngoài ra, vòng đấu cuối cùng của năm 2017 sẽ diễn ra vào ngày 30/12, giống với Ngoại hạng Anh.</p>\r\n<p>Trận đấu mở màn cho mùa giải 2017/18 tại Italia là trận tranh Siêu cúp Italia giữa Juventus và Lazio, diễn ra vào ngày 13/8, một tuần trước khi Serie khởi tranh.</p>', 'http://cauthu.com.vn/wp-content/uploads/2017/06/seriea.jpg', 526, '2017-06-18 09:08:45', 5),
(24, 'Buffon ấn định ngày giã từ\r\n', '', '<p><strong>Thủ thành Gianluigi Buffon xác nhận anh sẽ kết thúc sự nghiệp lừng lẫy của mình sau khi World Cup 2018 trên đất Nga khép lại.</strong></p>', '<img class="img-fluid" src="http://img.f50.bdpcdn.net/Assets/Media/2017/06/13/60/buffon.jpg" alt="Buffon xác nhận giải nghệ sau World Cup 2018" />\r\n<div></div>\r\n\r\n<div>Trong cuộc phỏng vấn với đài Sky Sport Italia, Buffon cho biết 99,9% anh sẽ giải nghệ sau khi tham dự World Cup 2018 tại Nga (nếu Italia giành được vé). Nhưng thủ môn 39 tuổi này cũng để ngỏ 0,1% còn lại rằng anh sẽ thi đấu tiếp nếu Juventus giành được Champions League ở mùa giải 2017/18.</div><div align="center">\r\n\r\n</div><!-- /adman_adcode (middle) -->\r\n<div>Buffon chia sẻ: “Giải nghệ sau giải đấu ở Nga năm 2018? Vâng, đó là điều 99,9% sẽ xảy ra. Tôi sẽ có mùa giải căng thẳng và bận rộn trước mắt với những thời khắc quan trọng. Sau đó sẽ là thời điểm để nói rằng sự nghiệp của tôi đã kéo dài đủ”.</div>\r\n<div></div>\r\n<div>“Dù vậy, cùng với chủ tịch Andrea Agnelli (Juventus), chúng tôi đã để lại khả năng mở: nếu Juventus giành chức vô địch Champions League, tôi muốn tiếp tục thi đấu, đoạt cúp ở Champions League và giành các danh hiệu khác”.</div>\r\n<div></div>\r\n<div>Ở tuổi 39, Buffon vẫn là thủ thành tuyệt vời với khả năng làm chủ vòng cấm và sở hữu phản xạ tuyệt vời. Anh có trung bình 2,03 pha cứu thua mỗi trận ở Serie A mùa vừa qua. Buffon góp công lớn trong hành trình chinh phục Serie A và lọt vào chung kết Champions League 2016/17 của Juve.</div>\r\n</div>\r\n<div></div>\r\n<div style="text-align: right;">Theo <em><strong>Bongdaplus</strong></em></div>\r\n<p>&nbsp;</p>\r\n', 'http://img.f50.bdpcdn.net/Assets/Media/2017/06/13/60/buffon.jpg" alt="Buffon xác nhận giải nghệ sau World Cup 2018', 265, '2017-06-18 09:11:34', 5),
(25, 'AC Milan &#8220;sắm&#8221; toàn trai đẹp', '', '<p><strong>AC Milan đang là đội bóng chịu chi nhất kể từ lúc mùa chuyển nhượng hè bắt đầu khi họ đã chi ra xấp xỉ 100 triệu euro để bổ sung tân binh, mà đặc biệt lại toàn những tuyển thủ có danh &#8220;trai đẹp&#8221;.</strong></p>', '<p>Người hâm mộ đội bóng Italy chào đón thêm một cầu thủ có vẻ ngoài bắt mắt, Andre Silva. Tiền đạo mới 21 tuổi này ký hợp đồng 5 năm với đội chủ sân San Siro, dự kiến sẽ khoác áo số 10.</p>\r\n<p>Silva còn được xem là truyền nhân của Cristiano Ronaldo ở tuyển Bồ Đào Nha. CR7 từng phát biểu: <i>&#8220;Khi tôi chia tay đội tuyển quốc gia, mọi người vẫn có thể yên tâm bởi vẫn còn Andre Silva&#8221;.</i></p>\r\n<div class="VCSortableInPreviewMode noCaption active">\r\n<div><img id="img_68e37b50-4ff5-11e7-9c1f-8dc5e204690b" class="img-fluid" title="AC Milan vẫn có sức hút rất lớn với những cầu thủ điển trai - Ảnh 1." src="http://kenh14cdn.com/2017/19059394-1498480270218991-7878130739949442539-n-1497330090994.jpg" alt="AC Milan vẫn có sức hút rất lớn với những cầu thủ điển trai - Ảnh 1." /></div>\r\n</div>\r\n<p>Silva là tân binh thứ tư của Milan mùa hè này, sau Mateo Musacchio, Ricardo Rodriguez và Franck Kessie. Giờ thì có lẽ fan nữ của CLB này tăng lên không ít khi Milan tập hợp toàn trai đẹp.</p>\r\n<p>Musacchio có vẻ ngoài lãng tử đậm chất latin, vừa có vẻ mạnh mẽ của một trung vệ thép. Hậu vệ người Argentina này còn gây chú ý khi có bạn gái là cô người mẫu nóng bỏng.</p>\r\n<p>AC Milan, đội bóng giàu truyền thống với thành tích lẫy lừng trong quá khứ vẫn có sức hút nhất định với các cầu thủ.</p>\r\n<div class="VCSortableInPreviewMode noCaption">\r\n<div><img id="img_831dd910-4ff6-11e7-95bd-bd8f840be558" class="img-fluid" title="AC Milan vẫn có sức hút rất lớn với những cầu thủ điển trai - Ảnh 2." src="http://kenh14cdn.com/2017/kaka-ac-milan-2168185-1497330564083.jpg" alt="AC Milan vẫn có sức hút rất lớn với những cầu thủ điển trai - Ảnh 2." /></div>\r\n</div>\r\n<p>Có sự thật rất thú vị, rất nhiều ngôi sao sân cỏ vừa tài năng vừa đẹp trai từng khoác áo Milan như Beckham, Nesta, Kaka, Gourcuff, Pirlo&#8230; cũng từng khoác áo AC Milan.</p>\r\n<p><b>Dàn trai đẹp của AC Milan:</b></p>\r\n<div class="VCSortableInPreviewMode">\r\n<div><img id="img_d5b55770-4ff6-11e7-8ae7-0f18dc6dfac3" class="img-fluid" title="AC Milan vẫn có sức hút rất lớn với những cầu thủ điển trai - Ảnh 3." src="http://kenh14cdn.com/2017/3ddbb3d200000578-4273502-porto-s-andre-silva-holds-his-wwe-style-belt-after-being-crowned-a-3-1488416756134-1497330703080.jpg" alt="AC Milan vẫn có sức hút rất lớn với những cầu thủ điển trai - Ảnh 3." /></div><!-- adman_adcode (middle, 1) --><div align="center">\r\n</div><!-- /adman_adcode (middle) -->\r\n<div class="PhotoCMS_Caption">\r\n<p class="" style="text-align: center;" data-placeholder="[nhập chú thích]">Andre Silva, tiền đạo Bồ Đào Nha vừa gia nhập AC Milan.</p>\r\n</div>\r\n</div>\r\n<div class="VCSortableInPreviewMode active">\r\n<div><img id="img_0a3ce990-4ff7-11e7-95bd-bd8f840be558" class="img-fluid" title="AC Milan vẫn có sức hút rất lớn với những cầu thủ điển trai - Ảnh 4." src="http://kenh14cdn.com/thumb_w/660/2017/56713d5eb9dc6-1420-1497330787835.jpg" alt="AC Milan vẫn có sức hút rất lớn với những cầu thủ điển trai - Ảnh 4." /></div>\r\n<div class="PhotoCMS_Caption">\r\n<p class="" style="text-align: center;" data-placeholder="[nhập chú thích]">Trung vệ Musacchio cũng vừa chuyển đến sân San Siro.</p>\r\n</div>\r\n</div>\r\n<div class="VCSortableInPreviewMode active">\r\n<div><img id="img_8206a740-4ff7-11e7-9c1f-8dc5e204690b" class="img-fluid" title="AC Milan vẫn có sức hút rất lớn với những cầu thủ điển trai - Ảnh 5." src="http://kenh14cdn.com/thumb_w/660/2017/nintchdbpict000283691566-1497330991161.jpg" alt="AC Milan vẫn có sức hút rất lớn với những cầu thủ điển trai - Ảnh 5."/></div>\r\n<div class="PhotoCMS_Caption">\r\n<p class="" style="text-align: center;" data-placeholder="[nhập chú thích]">Tiền vệ Suso người Tây Ban Nha.</p>\r\n</div>\r\n</div>\r\n<div class="VCSortableInPreviewMode active">\r\n<div><a class="detail-img-lightbox" title="Hậu vệ Ricardo Rodriguez của AC Milan." href="http://kenh14cdn.com/2017/2-1497327325202.jpg" target="_blank" rel="noopener" data-fancybox-group="img-lightbox"><img id="img_cabe0130-4fee-11e7-8ae7-0f18dc6dfac3" class="img-fluid" title="AC Milan vẫn có sức hút rất lớn với những cầu thủ điển trai - Ảnh 6." src="http://kenh14cdn.com/2017/2-1497327325202.jpg" alt="AC Milan vẫn có sức hút rất lớn với những cầu thủ điển trai - Ảnh 6." /></a></div>\r\n<div class="PhotoCMS_Caption">\r\n<p class="" style="text-align: center;" data-placeholder="[nhập chú thích]">Hậu vệ Ricardo Rodriguez của AC Milan.</p>\r\n</div>\r\n</div>\r\n<div class="VCSortableInPreviewMode active">\r\n<div><img id="img_80b2d0b0-4fef-11e7-95bd-bd8f840be558" class="img-fluid" title="AC Milan vẫn có sức hút rất lớn với những cầu thủ điển trai - Ảnh 7." src="http://kenh14cdn.com/2017/1-1497327630353.jpg" alt="AC Milan vẫn có sức hút rất lớn với những cầu thủ điển trai - Ảnh 7." /></div>\r\n<div class="PhotoCMS_Caption">\r\n<p class="" style="text-align: center;" data-placeholder="[nhập chú thích]">Hậu vệ phải 20 tuổi Davide Calabria, tài năng trẻ của Milan và bóng đá Italy.</p>\r\n</div>\r\n</div>\r\n<div class="VCSortableInPreviewMode active">\r\n<div><img id="img_c3b58240-4fef-11e7-9c1f-8dc5e204690b" class="img-fluid" title="AC Milan vẫn có sức hút rất lớn với những cầu thủ điển trai - Ảnh 8." src="http://kenh14cdn.com/2017/capture-1497327742893.jpg" alt="AC Milan vẫn có sức hút rất lớn với những cầu thủ điển trai - Ảnh 8."  /></div>\r\n<div class="PhotoCMS_Caption">\r\n<p class="" style="text-align: center;" data-placeholder="[nhập chú thích]">Tiền đạo 19 tuổi Patrick Cutrone.</p>\r\n<p style="text-align: right;" data-placeholder="[nhập chú thích]">theo <em><strong>Tri Thức Trẻ</strong></em></p>\r\n</div>\r\n</div>', 'https://mdp-media.acmilan.com/upl/entities/news/Comunicato-Ufficiale-2017%20-%20Copy%20(1).jpg', 130, '2017-06-18 09:24:04', 5);

/*!40101 SET CHARACTER_SET_CLIENT=@OLD_CHARACTER_SET_CLIENT */;
/*!40101 SET CHARACTER_SET_RESULTS=@OLD_CHARACTER_SET_RESULTS */;
/*!40101 SET COLLATION_CONNECTION=@OLD_COLLATION_CONNECTION */;
